entry,status,n_env,n_model,nsd_score,nsd_secs,nsd_status,nsd_chamfer,nsd_frac_fora,nsd_cobertura,nsd_sep_centroide,icp_score,icp_secs,icp_status,icp_chamfer,icp_frac_fora,icp_cobertura,icp_sep_centroide,ours_chamfer,ours_frac_fora,ours_cobertura,ours_sep_centroide
SASDMV7,ok,2685,300,2.428773,2.15,ok,8.527,0.02,0.2745,10.115,17.665265,0.32,ok,8.368,0.0567,0.2793,5.881,10.5486,0.0767,0.2205,3.636
SASDPT5,ok,786,300,1.624316,1.03,ok,6.118,0.08,0.5344,4.233,19.441428,0.34,ok,6.117,0.0833,0.5242,2.514,7.8375,0.3267,0.3817,5.419
SASDTS8,ok,2033,274,1.124298,2.46,ok,2.994,0.2518,0.4314,0.651,11.098552,0.29,ok,3.146,0.2628,0.4083,3.137,3.0229,0.2409,0.4201,0.26
SASDTT8,ok,408,300,1.694204,0.63,ok,8.222,0.2133,0.6225,5.878,47.423404,0.41,ok,8.828,0.2333,0.6569,10.535,8.1267,0.1867,0.6324,6.42
SASDUD6,ok,688,300,1.045349,0.76,ok,3.881,0.12,0.7398,1.341,8.225639,0.23,ok,3.889,0.1233,0.7078,2.988,3.8779,0.1133,0.7282,0.424
SASDUM8,ok,1712,300,,1.15,exit=-6,,,,,,0.26,exit=-6,,,,,9.2582,0.27,0.2266,9.642
SASDUN8,ok,1704,300,,0.26,exit=-6,,,,,,0.26,exit=-6,,,,,7.0896,0.17,0.3392,2.487
SASDUP8,ok,1720,300,,0.25,exit=-6,,,,,,0.24,exit=-6,,,,,7.5688,0.33,0.289,9.761
SASDUQ8,ok,1694,300,,1.07,exit=-6,,,,,,0.24,exit=-6,,,,,7.3462,0.2867,0.2792,12.73
SASDUR8,ok,1676,300,,0.23,exit=-6,,,,,,0.24,exit=-6,,,,,6.5161,0.1833,0.3156,13.012
SASDUU3,ok,1030,300,,0.24,exit=-6,,,,,,0.24,exit=-6,,,,,6.2627,0.0067,0.5641,2.073
SASDUW5,ok,166,300,1.322357,0.28,ok,5.184,0.1567,0.8072,1.014,27.903559,0.2,ok,5.257,0.1567,0.7771,1.846,5.2939,0.1633,0.7892,1.52
SASDUX5,ok,179,300,1.127408,0.28,ok,4.646,0.0967,0.8883,2.206,20.599347,0.27,ok,4.643,0.09,0.8715,4.106,4.6354,0.09,0.8715,4.174
SASDUY5,ok,4124,300,1.271996,0.39,ok,15.924,0.0033,0.1147,12.362,23.730849,0.27,ok,15.905,0.0033,0.1149,13.063,15.4732,0.0367,0.1106,2.235
SASDUZ5,ok,895,300,1.145938,0.86,ok,4.963,0.1067,0.6302,2.821,15.695734,0.36,ok,4.958,0.08,0.5966,1.705,5.1452,0.1267,0.6,2.509
SASDV33,ok,832,300,1.196239,0.99,ok,4.192,0.2267,0.5733,9.803,12.534104,0.36,ok,4.551,0.2467,0.5649,11.438,4.1635,0.2267,0.5853,10.884
SASDV62,ok,2300,300,,0.24,exit=-6,,,,,,0.23,exit=-6,,,,,3.1989,0.09,0.4461,0.475
SASDV64,ok,1282,243,,0.23,exit=-6,,,,,,0.23,exit=-6,,,,,2.9143,0.0494,0.5468,0.387
SASDV74,ok,962,80,,0.23,exit=-6,,,,,,0.23,exit=-6,,,,,2.6906,0.075,0.3389,2.081
SASDV75,ok,5265,300,,0.26,exit=-6,,,,,,0.26,exit=-6,,,,,7.0918,0.0333,0.0644,5.226
SASDV85,ok,5265,300,,0.26,exit=-6,,,,,,0.26,exit=-6,,,,,6.9462,0.04,0.064,5.226
SASDV95,ok,5265,300,,0.26,exit=-6,,,,,,0.26,exit=-6,,,,,6.5938,0.0167,0.0651,8.144
SASDVF8,ok,5265,300,,0.26,exit=-6,,,,,,0.26,exit=-6,,,,,7.7124,0.0467,0.0557,3.643
SASDVF9,ok,762,300,2.100141,0.89,ok,10.56,0.0267,0.5039,2.812,33.143452,0.24,ok,10.38,0.03,0.4948,4.995,12.0071,0.1233,0.4173,9.465
SASDVG6,ok,1512,300,0.989796,0.92,ok,5.477,0.06,0.5238,2.46,14.401658,0.27,ok,5.53,0.08,0.5093,2.535,5.5347,0.0567,0.5126,2.754
SASDVG8,ok,5265,300,,0.26,exit=-6,,,,,,0.26,exit=-6,,,,,7.8047,0.0733,0.0579,4.625
SASDVH8,ok,5265,300,,0.26,exit=-6,,,,,,0.26,exit=-6,,,,,8.1812,0.1033,0.0615,1.861
SASDVJ8,ok,1851,300,,0.24,exit=-6,,,,,,0.23,exit=-6,,,,,4.1784,0.1267,0.4733,3.152
SASDVK8,ok,1391,300,,0.24,exit=-6,,,,,,0.23,exit=-6,,,,,5.0412,0.0333,0.4055,1.393
SASDVQ6,ok,2435,300,1.813205,1.14,ok,7.053,0.0833,0.0936,12.035,51.208509,0.34,ok,7.815,0.12,0.0903,12.767,6.8441,0.1167,0.0793,11.889
SASDVR6,ok,514,297,,0.23,exit=-6,,,,,,0.23,exit=-6,,,,,3.453,0.1212,0.7568,1.351
SASDVT5,ok,858,300,1.450918,0.65,ok,4.299,0.2167,0.3963,2.455,33.258953,0.27,ok,4.527,0.2067,0.3124,4.226,4.2783,0.24,0.4103,4.472
SASDWG8,ok,1818,270,0.987977,2.39,ok,2.882,0.0704,0.4703,1.763,2.592589,0.21,ok,2.942,0.0556,0.4736,1.462,2.8847,0.0778,0.4659,1.564
SASDWM2,ok,524,300,2.297314,1.13,ok,8.633,0.47,0.4485,6.992,144.07753,0.28,ok,10.372,0.55,0.2729,11.922,11.4784,0.5067,0.2939,11.022
SASDWN5,ok,1063,300,0.964511,1.12,ok,3.269,0.1667,0.6087,7.448,6.545283,0.28,ok,3.452,0.1433,0.5833,4.487,3.6691,0.1833,0.5701,6.561
SASDWP5,ok,897,300,1.075272,1.39,ok,3.69,0.1267,0.6265,7.844,7.096008,0.23,ok,4.004,0.1133,0.621,2.092,3.7585,0.1267,0.6087,5.15
SASDWS6,ok,741,246,1.163793,0.65,ok,3.535,0.0813,0.6302,0.786,5.312536,0.22,ok,3.536,0.0813,0.6437,3.019,3.8342,0.1016,0.6194,3.36
SASDWT6,ok,739,245,1.111735,0.56,ok,3.44,0.1143,0.6184,2.493,5.497783,0.2,ok,3.496,0.1347,0.6238,1.855,3.64,0.098,0.5832,4.228
SASDX24,ok,2162,300,,0.24,exit=-6,,,,,,0.24,exit=-6,,,,,5.7156,0.0433,0.4371,2.938
SASDX64,ok,4553,300,,0.24,exit=-6,,,,,,0.24,exit=-6,,,,,2.9425,0.01,0.3049,1.055
SASDX74,ok,5235,300,,0.24,exit=-6,,,,,,0.24,exit=-6,,,,,3.2002,0.0467,0.2489,1.938
SASDXB2,ok,778,300,,0.24,exit=-6,,,,,,0.24,exit=-6,,,,,4.3771,0.0067,0.3573,1.912
SASDXB7,ok,5975,242,1.582379,3.4,ok,4.188,0.1322,0.2025,2.418,7.924225,0.47,ok,4.443,0.1446,0.2042,0.917,8.3146,0.2273,0.1359,6.987
SASDXC7,ok,5386,300,3.911955,3.96,ok,7.975,0.4467,0.1519,11.484,208.602674,0.75,ok,9.831,0.4833,0.1233,16.986,7.2235,0.2467,0.1825,6.608
SASDXF5,ok,1988,300,,0.25,exit=-6,,,,,,0.24,exit=-6,,,,,6.7275,0.0633,0.0996,4.767
SASDXF6,ok,933,300,1.303587,0.93,ok,4.903,0.2133,0.2733,1.537,19.796265,0.4,ok,4.884,0.2133,0.2722,2.47,5.0288,0.2033,0.2347,1.654
SASDXH4,ok,740,300,,0.24,exit=-6,,,,,,0.24,exit=-6,,,,,10.0506,0.2667,0.4689,6.787
SASDXJ4,ok,130,135,,0.24,exit=-6,,,,,,0.23,exit=-6,,,,,3.1439,0.4519,0.7385,1.37
SASDXK4,ok,909,300,,0.24,exit=-6,,,,,,0.24,exit=-6,,,,,8.116,0.05,0.5182,4.495
SASDXS4,ok,828,300,,0.24,exit=-6,,,,,,0.24,exit=-6,,,,,4.9817,0.0133,0.2862,4.101
