entry,status,custo,chamfer,hausdorff,dice,frac_fora,cobertura,sep_centroide,d_med,espelhado,n_model,n_model_full,n_env,grid,segundos
SASDMV7,ok,12.3165,8.3028,64.4432,0.00212,0.0406,0.3892,12.919,3.109,True,1085,1085,2685,6.0,3.02
SASDPT5,ok,8.7825,6.9007,27.2831,0.00276,0.137,0.4949,22.95,3.758,True,664,664,786,7.0,1.1
SASDTS8,ok,3.9522,3.0218,17.4829,0.0078,0.2336,0.4314,1.102,1.495,False,274,274,2033,3.0,1.36
SASDTT8,ok,8.4431,7.4989,31.9328,0.0,0.1966,0.6961,7.26,5.249,True,1175,1175,408,9.0,1.0
SASDUD6,ok,4.7008,3.656,13.9058,0.01027,0.1271,0.7747,1.123,2.758,False,480,480,688,6.0,0.74
SASDUM8,ok,7.129,6.3074,28.3159,0.00441,0.2341,0.5111,10.667,3.054,True,1008,1008,1712,5.4,2.21
SASDUN8,ok,7.7264,6.7197,29.0479,0.00442,0.2282,0.483,2.623,3.292,True,1008,1008,1704,5.4,2.36
SASDUP8,ok,6.5666,5.5258,24.43,0.00513,0.2282,0.5436,1.743,3.034,True,1008,1008,1720,5.4,1.86
SASDUQ8,ok,7.4666,6.1291,29.0315,0.00444,0.248,0.5018,12.348,3.22,True,1008,1008,1694,5.4,2.42
SASDUR8,ok,6.5975,5.5265,28.7831,0.0,0.1667,0.5424,8.665,3.026,False,1008,1008,1676,5.4,2.44
SASDUU3,ok,6.5489,5.0031,22.0449,0.00162,0.0069,0.7262,1.762,3.816,True,1440,1440,1030,8.2,2.14
SASDUW5,ok,6.0083,5.1225,23.257,0.00402,0.148,0.8072,2.716,4.22,False,331,331,166,8.5,1.5
SASDUX5,ok,5.2564,4.5365,14.3676,0.00372,0.1061,0.8659,4.924,4.024,False,358,358,179,8.5,0.46
SASDUY5,ok,26.7257,15.0449,60.9359,0.00083,0.0421,0.1285,3.932,3.795,True,689,689,4124,8.5,4.21
SASDUZ5,ok,5.0503,4.1754,17.7178,0.00431,0.0781,0.7855,2.467,3.173,True,960,960,895,6.5,1.33
SASDV33,ok,5.1329,4.0577,14.2683,0.01306,0.229,0.6238,9.225,2.48,False,393,393,832,5.0,1.85
SASDV62,ok,3.9065,2.8321,11.4617,0.00557,0.1063,0.633,0.754,1.89,True,574,574,2300,4.0,1.68
SASDV64,ok,4.2799,2.9439,11.7981,0.00131,0.037,0.5538,0.196,1.791,False,243,243,1282,4.0,1.06
SASDV74,ok,4.2013,2.6913,11.51,0.00576,0.075,0.3337,2.057,1.258,False,80,80,962,3.0,1.67
SASDV75,ok,7.0953,5.1391,27.4269,0.00361,0.0354,0.3586,5.041,3.117,True,2628,2628,5000,3.76,5.76
SASDV85,ok,7.0516,5.1047,27.904,0.00501,0.0483,0.354,5.012,3.043,True,2628,2628,5000,3.8,6.55
SASDV95,ok,6.4843,4.7548,25.6258,0.00528,0.0213,0.3546,5.873,3.065,True,2628,2628,5000,3.8,4.8
SASDVF8,ok,7.6918,5.8974,54.8222,0.0036,0.0583,0.3235,3.515,3.339,True,2780,2780,5000,3.8,5.47
SASDVF9,ok,14.9116,10.3508,45.3229,0.0016,0.1033,0.5223,7.275,6.187,True,1743,1743,762,13.4,1.84
SASDVG6,ok,4.8222,4.1282,17.355,0.00161,0.0854,0.8247,0.439,3.465,False,2248,2248,1512,7.0,2.16
SASDVG8,ok,7.3497,5.6541,42.3279,0.00424,0.0532,0.335,2.847,3.238,True,2780,2780,5000,3.8,5.67
SASDVH8,ok,7.6718,5.9456,40.9288,0.00447,0.0554,0.3301,0.946,3.349,False,2780,2780,5000,3.75,5.85
SASDVJ8,ok,5.0627,3.8027,24.648,0.00873,0.1121,0.6326,2.251,2.243,True,669,669,1851,4.8,1.46
SASDVK8,ok,6.1904,4.5322,29.0289,0.00583,0.0404,0.5672,2.196,2.598,False,669,669,1391,4.8,1.31
SASDVQ6,ok,5.9541,5.1679,46.047,0.00497,0.0666,0.2858,13.714,3.73,False,1442,1442,2435,3.78,3.3
SASDVR6,ok,4.4219,3.4685,12.3291,0.0,0.1111,0.7529,0.906,2.567,True,297,297,514,5.4,0.72
SASDVT5,ok,5.0449,4.1831,16.4178,0.00165,0.2662,0.4942,5.048,2.959,False,417,417,858,3.8,1.98
SASDWG8,ok,4.3315,2.8774,13.49,0.01149,0.0519,0.4653,2.375,1.519,True,270,270,1818,3.5,5.3
SASDWM2,ok,8.2272,9.0958,65.8326,0.01071,0.3195,0.4924,5.16,5.41,False,410,410,524,6.0,0.97
SASDWN5,ok,4.2064,3.1574,11.1568,0.00823,0.1671,0.6566,7.743,2.116,False,395,395,1063,4.5,1.24
SASDWP5,ok,4.7231,3.5586,13.4595,0.00464,0.1266,0.6555,7.993,2.345,False,395,395,897,5.0,4.16
SASDWS6,ok,5.5468,3.9095,25.3742,0.00811,0.1098,0.5735,1.636,2.23,False,246,246,741,4.5,0.58
SASDWT6,ok,4.953,3.5537,16.9057,0.00203,0.1347,0.5927,4.346,2.127,True,245,245,739,4.5,0.92
SASDX24,ok,5.8391,4.346,21.5361,0.00302,0.0275,0.7248,2.382,3.133,False,1817,1817,2162,6.8,3.22
SASDX64,ok,3.8879,2.6005,14.1326,0.01057,0.0162,0.4628,1.848,1.436,False,554,554,4553,3.2,3.48
SASDX74,ok,4.0445,2.7095,11.8059,0.00726,0.0155,0.3927,0.307,1.387,True,515,515,5000,3.0,4.2
SASDXB2,ok,5.5807,4.1719,24.499,0.00336,0.0144,0.4383,3.094,2.978,True,416,416,778,3.8,1.23
SASDXB7,ok,7.594,5.5993,25.1454,0.00343,0.1529,0.1861,5.471,1.297,True,242,242,5000,3.0,3.32
SASDXC7,ok,5.9494,6.6334,100.2801,0.00474,0.2004,0.2935,8.186,1.501,False,489,489,5000,3.0,3.38
SASDXF5,ok,6.7313,5.8147,29.0825,0.00199,0.1511,0.5146,9.765,4.094,True,748,748,1988,3.61,2.46
SASDXF6,ok,4.9593,4.3396,21.4193,0.00536,0.1994,0.507,1.574,3.572,False,933,933,933,3.8,1.26
SASDXH4,ok,9.0511,7.351,38.5525,0.00081,0.2442,0.7081,10.541,5.065,True,1736,1736,740,10.2,1.49
SASDXJ4,ok,3.1578,3.0089,8.9908,0.0,0.4296,0.8077,0.907,2.829,True,135,135,130,3.77,0.23
SASDXK4,ok,9.7486,6.9799,32.2794,0.00084,0.0508,0.6623,1.453,4.909,False,1476,1476,909,11.0,1.47
SASDXS4,ok,6.6224,4.6984,21.4143,0.00164,0.0305,0.32,2.326,2.969,True,393,393,828,3.8,0.85
