entry,metodo,trial,status,anisometria,n_env,n_model,pca_rmsd_propria,pca_rmsd_impropria,chamfer_verdadeira,segundos,rmsd,erro_ang,espelhado,chamfer_recuperada,delta_chamfer,sucesso
SASDPT5,icp_saxs_r30,0,ok,3.49,945,664,8.862,8.711,6.003,8.77,21.451,,1,5.618,-0.385,0
SASDPT5,icp_saxs_r30,1,ok,3.49,945,664,8.862,8.711,6.003,8.71,10.523,16.8,0,5.436,-0.567,0
SASDPT5,icp_saxs_r30,2,ok,3.49,945,664,8.862,8.711,6.003,7.97,12.102,17.9,0,5.492,-0.511,0
SASDPT5,icp_saxs_r30,3,ok,3.49,945,664,8.862,8.711,6.003,7.09,11.229,16.5,0,5.464,-0.539,0
SASDTS8,icp_saxs_r30,0,ok,1.73,1252,274,4.98,5.017,3.317,6.83,17.728,,1,3.216,-0.101,0
SASDTS8,icp_saxs_r30,1,ok,1.73,1252,274,4.98,5.017,3.317,6.95,17.739,,1,3.222,-0.095,0
SASDTS8,icp_saxs_r30,2,ok,1.73,1252,274,4.98,5.017,3.317,6.94,30.015,,1,3.239,-0.077,0
SASDTS8,icp_saxs_r30,3,ok,1.73,1252,274,4.98,5.017,3.317,6.93,28.689,,1,3.19,-0.127,0
SASDUD6,icp_saxs_r30,0,ok,1.84,1137,480,4.904,5.157,3.296,7.83,5.576,14.9,0,3.125,-0.171,0
SASDUD6,icp_saxs_r30,1,ok,1.84,1137,480,4.904,5.157,3.296,7.89,5.626,16.4,0,3.112,-0.184,0
SASDUD6,icp_saxs_r30,2,ok,1.84,1137,480,4.904,5.157,3.296,7.85,6.179,17.3,0,3.127,-0.168,0
SASDUD6,icp_saxs_r30,3,ok,1.84,1137,480,4.904,5.157,3.296,7.97,6.155,17.0,0,3.126,-0.17,0
SASDUN8,icp_saxs_r30,0,ok,3.77,752,1008,9.924,10.506,7.675,9.68,13.554,9.2,0,6.701,-0.974,0
SASDUN8,icp_saxs_r30,1,ok,3.77,752,1008,9.924,10.506,7.675,9.74,8.732,3.2,0,6.791,-0.884,0
SASDUN8,icp_saxs_r30,2,ok,3.77,752,1008,9.924,10.506,7.675,9.48,13.182,7.0,0,6.692,-0.983,0
SASDUN8,icp_saxs_r30,3,ok,3.77,752,1008,9.924,10.506,7.675,9.74,13.409,6.6,0,6.708,-0.968,0
SASDUX5,icp_saxs_r30,0,ok,2.53,1852,358,5.335,5.405,3.367,9.76,2.791,5.7,0,3.363,-0.004,1
SASDUX5,icp_saxs_r30,1,ok,2.53,1852,358,5.335,5.405,3.367,9.7,2.563,5.1,0,3.362,-0.005,1
SASDUX5,icp_saxs_r30,2,ok,2.53,1852,358,5.335,5.405,3.367,9.7,2.479,4.6,0,3.388,0.021,1
SASDUX5,icp_saxs_r30,3,ok,2.53,1852,358,5.335,5.405,3.367,9.72,2.348,3.7,0,3.375,0.008,1
SASDV62,icp_saxs_r30,0,ok,1.39,1046,574,4.241,4.115,3.34,7.62,24.615,,1,3.191,-0.149,0
SASDV62,icp_saxs_r30,1,ok,1.39,1046,574,4.241,4.115,3.34,7.28,40.162,163.9,0,3.152,-0.188,0
SASDV62,icp_saxs_r30,2,ok,1.39,1046,574,4.241,4.115,3.34,8.29,40.366,167.0,0,3.116,-0.223,0
SASDV62,icp_saxs_r30,3,ok,1.39,1046,574,4.241,4.115,3.34,8.27,31.183,131.6,0,3.194,-0.146,0
SASDVK8,icp_saxs_r30,0,ok,1.7,979,669,5.564,5.378,4.17,8.72,15.699,47.5,0,3.941,-0.229,0
SASDVK8,icp_saxs_r30,1,ok,1.7,979,669,5.564,5.378,4.17,8.79,18.404,56.9,0,3.906,-0.263,0
SASDVK8,icp_saxs_r30,2,ok,1.7,979,669,5.564,5.378,4.17,8.68,31.616,,1,3.937,-0.233,0
SASDVK8,icp_saxs_r30,3,ok,1.7,979,669,5.564,5.378,4.17,8.78,18.023,55.7,0,3.903,-0.267,0
SASDWG8,icp_saxs_r30,0,ok,1.7,1709,270,4.164,4.188,2.645,8.46,24.67,,1,2.605,-0.04,0
SASDWG8,icp_saxs_r30,1,ok,1.7,1709,270,4.164,4.188,2.645,8.37,15.589,,1,2.588,-0.057,0
SASDWG8,icp_saxs_r30,2,ok,1.7,1709,270,4.164,4.188,2.645,8.47,1.257,2.4,0,2.612,-0.032,1
SASDWG8,icp_saxs_r30,3,ok,1.7,1709,270,4.164,4.188,2.645,8.52,28.864,179.7,0,2.612,-0.033,0
