conjunto,entry,modelo_na_origem,env_na_origem,corr_modelo,corr_env,ambos_em_eixos_principais
Triado,SASDD88,0.006,0.008,0.316,0.182,False
Triado,SASDNS5,0.001,0.004,0.341,0.043,False
Triado,SASDEC6,0.003,0.005,0.399,0.132,False
Triado,SASDQP4,0.002,0.003,0.083,0.158,False
Triado,SASDUX6,0.003,0.003,0.303,0.235,False
Triado,SASDNN5,0.01,0.005,0.464,0.295,False
Triado,SASDQM4,0.001,0.002,0.135,0.346,False
Triado,SASDGE6,2.147,0.004,0.522,0.538,False
Triado,SASDUW6,0.003,0.005,0.347,0.071,False
Triado,SASDHW3,3.066,0.003,0.163,0.21,False
Triado,SASDNP5,0.006,0.003,0.015,0.247,False
Triado,SASDGC6,1.593,0.001,0.23,0.128,False
Triado,SASDPA8,0.003,0.004,0.341,0.309,False
Triado,SASDPB2,0.0,0.005,0.266,0.264,False
Triado,SASDHM3,0.3,0.003,0.228,0.237,False
Triado,SASDPZ8,1.659,0.006,0.387,0.267,False
Triado,SASDNR5,0.011,0.005,0.271,0.186,False
Triado,SASDFD3,0.193,0.003,0.08,0.245,False
Triado,SASDUY6,0.003,0.006,0.292,0.201,False
Triado,SASDCG6,1.11,0.005,0.351,0.227,False
Triado,SASDRJ8,0.787,0.001,0.078,0.219,False
Triado,SASDWN5,3.338,0.002,0.184,0.075,False
Triado,SASDPD8,0.004,0.005,0.075,0.182,False
Triado,SASDP82,0.0,0.002,0.219,0.148,False
Triado,SASDF47,1.52,0.006,0.197,0.315,False
Triado,SASDQQ5,1.538,0.013,0.093,0.382,False
Triado,SASDDC9,2.151,0.003,0.064,0.163,False
Triado,SASDPB8,0.0,0.007,0.292,0.271,False
Triado,SASDQR5,3.429,0.018,0.033,0.464,False
Triado,SASDPN4,1.525,0.01,0.359,0.155,False
Triado,SASDQS5,1.342,0.008,0.065,0.548,False
Triado,SASDNL8,1.163,0.002,0.087,0.114,False
Triado,SASDNQ5,0.0,0.003,0.0,0.177,False
Triado,SASDXC2,0.155,0.003,0.052,0.063,False
Triado,SASDJB9,1.506,0.009,0.42,0.487,False
Triado,SASDNK8,0.648,0.008,0.37,0.166,False
Triado,SASDQL6,3.123,0.022,0.228,0.312,False
Triado,SASDPY2,3.821,0.003,0.351,0.052,False
Triado,SASDGK2,1.765,0.004,0.299,0.318,False
Triado,SASDVT5,3.593,0.004,0.339,0.144,False
Triado,SASDNZ3,0.005,0.091,0.118,0.527,False
Triado,SASDH32,0.034,0.009,0.122,0.654,False
Triado,SASDA39,1.107,0.004,0.296,0.264,False
Triado,SASDBV9,1.462,0.007,0.035,0.321,False
Triado,SASDMU7,1.449,0.012,0.69,0.34,False
Triado,SASDR55,0.224,0.009,0.289,0.12,False
Triado,SASDHN3,0.329,0.013,0.232,0.172,False
Triado,SASDFB2,2.177,0.005,0.449,0.248,False
Triado,SASDJJ5,0.014,0.007,0.351,0.472,False
Triado,SASDUK2,4.72,0.039,0.359,0.558,False
Triado,SASDEJ6,0.505,0.005,0.067,0.069,False
Triado,SASDA85,0.019,0.002,0.112,0.185,False
Triado,SASDEH6,2.676,0.014,0.568,0.167,False
Triado,SASDWE7,0.97,0.004,0.146,0.197,False
Triado,SASDPD2,0.001,0.011,0.385,0.105,False
Triado,SASDND6,2.679,0.011,0.173,0.286,False
Triado,SASDAE5,0.011,0.004,0.165,0.389,False
Triado,SASDGJ6,0.018,0.01,0.204,0.241,False
Triado,SASDPA2,0.001,0.036,0.285,0.383,False
Triado,SASDPT5,0.981,0.008,0.256,0.38,False
Triado,SASDLC3,0.018,0.011,0.204,0.211,False
Triado,SASDA48,2.116,0.017,0.335,0.246,False
Triado,SASDNR7,0.01,0.019,0.548,0.299,False
Triado,SASDMZ6,0.248,0.015,0.159,0.247,False
Triado,SASDWL8,0.881,0.018,0.386,0.364,False
Triado,SASDNS7,0.0,0.006,0.526,0.226,False
Triado,SASDF24,0.258,0.005,0.01,0.243,False
Triado,SASDFN3,0.334,0.007,0.009,0.409,False
Triado,SASDKP7,0.29,0.016,0.65,0.267,False
Triado,SASDJN8,1.001,0.003,0.424,0.162,False
Triado,SASDJL6,1.335,0.012,0.687,0.279,False
Triado,SASDFT4,0.006,0.033,0.513,0.392,False
Triado,SASDLM3,1.236,0.01,0.593,0.251,False
Triado,SASDJ44,0.466,0.028,0.454,0.409,False
Triado,SASDGW9,0.004,0.062,0.274,0.3,False
Triado,SASDNF6,0.226,0.013,0.0,0.175,False
Triado,SASDBJ2,0.318,0.009,0.038,0.081,False
Triado,SASDGC4,0.33,0.015,0.492,0.236,False
Triado,SASDGU9,0.006,0.048,0.163,0.211,False
Triado,SASDL83,2.43,0.046,0.377,0.62,False
Triado,SASDDW4,1.872,0.023,0.451,0.364,False
Triado,SASDHF4,2.572,0.009,0.386,0.322,False
Triado,SASDFU4,0.004,0.053,0.453,0.463,False
Triado,SASDNG6,0.48,0.011,0.0,0.349,False
Triado,SASDFV4,0.004,2.991,0.545,0.567,False
Triado,SASDEW9,3.051,0.07,0.838,0.375,False
Triado,SASDE37,4.404,0.025,0.513,0.587,False
Triado,SASDEP3,0.0,0.007,0.0,0.37,False
Bench50,SASDUD6,3.595,4.103,0.511,0.635,False
Bench50,SASDXF6,19.006,19.925,0.774,0.806,False
Bench50,SASDWT6,8.978,5.139,0.527,0.437,False
Bench50,SASDX24,161.999,162.012,0.014,0.211,False
Bench50,SASDVG6,71.061,71.281,0.313,0.288,False
Bench50,SASDUZ5,22.073,22.096,0.268,0.265,False
Bench50,SASDWS6,3.461,0.901,0.414,0.602,False
