entry,status,n_ca,n_env,sep_centroide,centroide_modelo,centroide_envelope,chamfer_dep,chamfer_espelho,frac_fora_dep,chamfer_aleat_mediana,chamfer_aleat_min,pct_orientacao,pct_espelho
SASDMV7,ok,1085,2685,87.67,"[-0.6, 1.3, -87.7]","[0.0, -0.0, -0.0]",50.795,51.313,0.733,54.213,42.931,23.1,26.3
SASDPT5,ok,664,786,75.71,"[3.2, 69.2, 28.7]","[0.4, -0.9, 0.2]",32.258,46.3,0.867,43.072,29.333,2.4,75.1
SASDTS8,ok,274,2033,31.62,"[-14.7, -21.6, 17.4]","[0.1, 0.2, -0.0]",15.004,14.356,0.901,14.567,11.312,64.2,44.7
SASDTT8,ok,1175,408,76.15,"[8.6, -2.4, -81.1]","[1.2, 2.3, -5.4]",27.485,26.2,0.663,35.806,24.736,9.1,3.2
SASDUD6,ok,480,688,1.01,"[-0.3, 3.4, 1.2]","[-0.3, 3.4, 2.3]",3.653,6.788,0.113,5.284,3.684,0.0,97.9
SASDUM8,ok,1008,1712,25.09,"[-15.0, -7.7, 18.5]","[-0.0, 0.0, -0.0]",24.369,29.005,0.565,26.784,11.363,34.6,68.6
SASDUN8,ok,1008,1704,25.14,"[-23.2, 0.4, 9.6]","[0.0, 0.0, 0.0]",21.95,21.975,0.655,22.052,13.676,49.1,49.5
SASDUP8,ok,1008,1720,26.37,"[-15.9, -2.2, 20.9]","[0.0, 0.0, -0.0]",15.083,29.658,0.391,24.397,9.017,8.7,88.6
SASDUQ8,ok,1008,1694,17.8,"[-15.3, 0.3, 9.1]","[-0.0, 0.0, 0.0]",25.468,22.165,0.687,23.337,9.394,74.7,39.9
SASDUR8,ok,1008,1676,20.83,"[-17.2, -8.1, 8.4]","[-0.0, -0.0, -0.0]",19.216,17.675,0.514,20.953,11.414,35.1,25.7
SASDUU3,ok,1440,1030,52.53,"[28.0, 41.8, -1.8]","[0.5, -2.5, 4.5]",25.423,26.324,0.765,24.886,20.878,61.9,80.8
SASDUW5,ok,331,166,16.86,"[-0.2, 23.4, 8.0]","[-1.0, 13.2, -5.4]",24.756,16.662,0.716,19.902,7.94,94.6,27.8
SASDUX5,ok,358,179,31.63,"[3.6, -9.9, -4.9]","[10.9, -6.9, 25.8]",14.013,13.934,0.631,15.057,10.047,35.2,34.8
SASDUY5,ok,689,4124,6.5,"[-1.0, 4.0, 5.0]","[0.0, 0.0, 0.0]",15.114,15.161,0.048,15.136,15.033,29.5,76.0
SASDUZ5,ok,960,895,0.4,"[16.7, 11.3, 9.0]","[16.8, 11.0, 9.3]",4.488,5.539,0.117,6.666,4.358,0.3,13.4
SASDV33,ok,393,832,8.42,"[-5.2, 5.6, -3.2]","[-0.2, 0.2, 0.9]",8.093,7.376,0.45,8.83,5.119,34.4,20.6
SASDV62,ok,574,2300,100.07,"[43.5, 32.4, 85.3]","[0.3, 1.7, 0.4]",71.036,71.857,1.0,73.137,70.601,4.6,23.6
SASDV64,ok,243,1282,37.6,"[-11.2, -27.8, 22.7]","[0.0, 0.2, 0.2]",21.23,19.257,0.992,21.618,17.315,41.3,10.9
SASDV74,ok,80,962,7.66,"[1.5, -0.7, -7.4]","[-0.7, -0.4, -0.1]",4.286,4.613,0.287,4.22,3.622,59.2,96.5
SASDV75,ok,2628,5000,221.76,"[131.6, 174.2, 46.5]","[0.1, 0.2, 6.5]",163.312,158.725,1.0,158.284,153.684,86.9,54.5
SASDV85,ok,2628,5000,224.43,"[131.6, 174.2, 46.5]","[0.1, 0.1, -6.1]",166.271,160.92,1.0,160.981,156.363,88.6,49.0
SASDV95,ok,2628,5000,220.76,"[131.6, 174.2, 46.5]","[0.1, -0.0, 13.5]",166.184,162.362,1.0,161.654,156.96,84.5,57.5
SASDVF8,ok,2780,5000,14.14,"[1.0, -1.2, -0.5]","[0.1, 0.1, 13.5]",8.648,8.714,0.192,9.069,7.146,28.6,32.6
SASDVF9,ok,1743,762,286.85,"[7.6, -93.8, -276.5]","[4.8, -2.2, -4.7]",226.176,207.29,1.0,223.902,197.444,61.8,8.0
SASDVG6,ok,2248,1512,0.48,"[-69.2, 6.1, -14.9]","[-69.4, 6.0, -15.3]",4.138,4.939,0.087,8.113,4.127,0.1,9.3
SASDVG8,ok,2780,5000,1.7,"[1.0, -1.2, -0.5]","[-0.1, 0.1, -0.2]",6.572,6.677,0.098,7.35,5.837,18.1,22.4
SASDVH8,ok,2780,5000,5.32,"[1.0, -1.2, -0.5]","[-0.1, -0.0, 4.6]",6.997,7.093,0.114,7.482,6.271,14.8,18.8
SASDVJ8,ok,669,1851,10.74,"[0.1, -1.4, 0.4]","[0.2, 8.1, -4.4]",6.38,5.414,0.247,5.825,4.63,76.9,22.9
SASDVK8,ok,669,1391,10.86,"[0.1, -1.4, 0.4]","[-4.3, 5.2, -7.0]",6.711,5.787,0.081,5.856,5.023,95.4,43.6
SASDVQ6,ok,1442,2435,33.25,"[5.2, 0.2, -3.2]","[-4.6, -14.5, 25.0]",27.559,24.429,0.818,22.853,17.896,98.3,73.5
SASDVR6,ok,297,514,9.13,"[-1.1, -1.6, 0.6]","[6.7, 0.9, 4.6]",9.487,9.588,0.522,10.427,5.356,34.6,35.9
SASDVT5,ok,417,858,22.45,"[-17.8, 12.0, -13.5]","[-3.8, 0.1, -0.5]",10.439,10.262,0.664,10.494,8.41,47.2,39.6
SASDWG8,ok,270,1818,25.55,"[-5.0, 23.3, 7.0]","[-0.6, -0.8, -0.1]",10.07,9.771,0.659,10.673,9.253,19.8,7.9
SASDWM2,ok,410,524,12.04,"[0.3, 0.8, -0.0]","[2.8, -10.9, 2.0]",13.255,13.544,0.439,13.739,8.245,38.1,44.9
SASDWN5,ok,395,1063,4.44,"[2.4, -3.9, 1.9]","[0.0, -0.4, 3.3]",11.452,11.923,0.711,9.016,3.833,94.3,99.3
SASDWP5,ok,395,897,6.01,"[2.4, -3.9, 1.9]","[-1.0, 0.5, -0.5]",12.148,12.016,0.709,9.381,4.367,97.8,96.5
SASDWS6,ok,246,741,3.36,"[0.1, 2.4, -2.5]","[0.5, -0.4, -0.6]",3.834,5.945,0.102,5.623,3.599,0.8,60.4
SASDWT6,ok,245,739,4.97,"[-3.1, -8.3, -1.6]","[0.3, -5.1, 0.3]",3.77,3.868,0.11,6.967,3.931,0.0,0.0
SASDX24,ok,1817,2162,2.49,"[93.8, 91.8, 95.0]","[94.5, 93.2, 93.0]",4.368,4.359,0.029,5.198,4.381,0.0,0.0
SASDX64,ok,554,4553,21.23,"[-16.8, -11.8, -5.4]","[0.0, 0.0, -0.0]",13.909,14.906,0.664,12.632,8.327,79.9,96.1
SASDX74,ok,515,5000,53.77,"[-37.5, 33.8, -18.4]","[0.0, -0.1, 0.0]",21.191,27.83,0.713,25.653,18.964,15.7,74.5
SASDXB2,ok,416,778,6.42,"[0.3, 0.3, 0.0]","[-3.1, -2.7, -4.5]",6.452,5.966,0.142,6.854,5.111,34.8,19.1
SASDXB7,ok,242,5000,9.42,"[-8.5, 0.9, -3.5]","[0.2, -0.2, 0.0]",9.018,10.143,0.285,9.895,5.179,23.0,58.4
SASDXC7,ok,489,5000,2.97,"[0.8, -1.8, 2.2]","[-0.0, -0.1, -0.1]",7.822,8.628,0.305,8.89,7.005,9.0,38.1
SASDXF5,ok,748,1988,8.8,"[-16.8, -3.9, 13.5]","[-10.0, -6.4, 8.4]",7.24,5.956,0.036,14.602,6.484,0.7,0.0
SASDXF6,ok,933,933,1.22,"[-16.6, 3.5, 8.5]","[-17.2, 4.4, 9.0]",4.323,14.774,0.199,11.926,4.772,0.0,87.9
SASDXH4,ok,1736,740,140.15,"[-18.2, 43.1, 126.2]","[0.0, -2.6, -5.1]",104.595,104.196,1.0,92.381,72.913,92.9,91.7
SASDXJ4,ok,135,130,76.25,"[-7.6, -20.2, 70.6]","[0.9, 1.4, -2.0]",61.838,61.098,1.0,61.924,58.675,48.3,29.6
SASDXK4,ok,1476,909,107.48,"[-12.1, 27.2, 103.5]","[-0.7, 1.2, -0.2]",83.012,84.324,1.0,74.21,61.153,87.7,92.3
SASDXS4,ok,393,828,156.11,"[-155.0, 16.9, 16.0]","[-0.9, 1.3, -3.2]",120.801,117.891,1.0,129.154,116.882,5.7,1.8
