entry,seed_base,seed,restarts,custo,chamfer,chamfer_envfull,frac_fora,cobertura,sep_centroide,espelhado,n_env_full,n_env,segundos
SASDMV7,42,42,3,12.7724,8.2799,8.2799,0.0415,0.3911,12.893,True,2685,2685,4.01
SASDPT5,42,43,3,9.3441,6.8944,6.8944,0.1295,0.4987,22.516,True,786,786,1.1
SASDTS8,42,44,3,4.1854,3.0231,3.0231,0.2336,0.4274,1.041,False,2033,2033,3.99
SASDTT8,42,45,3,9.1752,7.4881,7.4881,0.1915,0.7206,5.343,True,408,408,1.42
SASDUD6,42,46,3,4.9911,3.6536,3.6536,0.1271,0.7703,1.165,False,688,688,3.22
SASDUM8,42,47,3,7.9021,6.3745,6.3745,0.254,0.4982,7.975,True,1712,1712,1.81
SASDUN8,42,48,3,8.3701,6.7017,6.7017,0.2222,0.4883,2.267,True,1704,1704,2.2
SASDUP8,42,49,3,7.064,5.5186,5.5186,0.2272,0.5413,1.612,True,1720,1720,2.41
SASDUQ8,42,50,3,8.0068,6.0796,6.0796,0.245,0.5018,11.496,True,1694,1694,4.39
SASDUR8,42,51,3,7.1229,5.5294,5.5294,0.1677,0.5436,8.824,False,1676,1676,1.94
SASDUU3,42,52,3,6.9325,4.9946,4.9946,0.0097,0.7243,1.823,True,1030,1030,3.04
SASDUW5,42,53,3,6.4881,5.1276,5.1276,0.148,0.8072,2.542,False,166,166,0.6
SASDUX5,42,54,3,5.6802,4.5359,4.5359,0.1034,0.8659,4.891,False,179,179,0.37
SASDUY5,42,55,3,27.0971,15.0302,15.0302,0.0392,0.1251,3.722,True,4124,4124,4.96
SASDUZ5,42,56,3,5.4175,4.1753,4.1753,0.0781,0.7866,2.475,True,895,895,2.68
SASDV33,42,57,3,5.466,4.05,4.05,0.229,0.6178,9.202,False,832,832,1.08
SASDV62,42,58,3,4.1018,2.8318,2.8318,0.108,0.6326,0.764,True,2300,2300,2.08
SASDV64,42,59,3,4.4551,2.927,2.927,0.0494,0.5445,0.278,True,1282,1282,0.83
SASDV74,42,60,3,4.3325,2.6912,2.6912,0.075,0.3337,2.059,False,962,962,0.55
SASDV75,42,61,3,7.4433,5.1082,5.0763,0.0323,0.3645,4.51,True,5265,5000,6.67
SASDV85,42,62,3,7.4025,5.104,5.0832,0.0479,0.3533,4.996,True,5265,5000,6.38
SASDV95,42,63,3,6.8224,4.7551,4.7261,0.0213,0.3548,5.854,True,5265,5000,6.0
SASDVF8,42,64,3,8.2566,5.9887,5.9758,0.0622,0.3151,4.195,True,5265,5000,6.34
SASDVF9,42,65,3,15.5887,10.3626,10.3626,0.1015,0.5262,7.394,True,762,762,2.17
SASDVG6,42,66,3,5.2028,4.1269,4.1269,0.085,0.8261,0.456,False,1512,1512,2.25
SASDVG8,42,67,3,7.7929,5.6552,5.6293,0.0543,0.3358,3.048,True,5265,5000,8.67
SASDVH8,42,68,3,8.1403,5.9444,5.9075,0.0554,0.3292,0.932,False,5265,5000,8.1
SASDVJ8,42,69,3,5.3552,3.8056,3.8056,0.1121,0.624,2.408,True,1851,1851,2.33
SASDVK8,42,70,3,6.4675,4.5179,4.5179,0.0463,0.5622,2.521,True,1391,1391,1.32
SASDVQ6,42,71,3,6.4716,5.1724,5.1724,0.0714,0.2838,13.884,False,2435,2435,3.93
SASDVR6,42,72,3,4.7016,3.4684,3.4684,0.1111,0.7549,0.917,True,514,514,0.7
SASDVT5,42,73,3,5.4095,4.1628,4.1628,0.2686,0.4918,5.15,False,858,858,0.74
SASDWG8,42,74,3,4.4892,2.8748,2.8748,0.0481,0.4686,2.34,True,1818,1818,1.17
SASDWM2,42,75,3,9.6498,9.2497,9.2497,0.3537,0.4695,5.351,False,524,524,0.61
SASDWN5,42,76,3,4.4405,3.157,3.157,0.1671,0.6557,7.73,False,1063,1063,1.7
SASDWP5,42,77,3,4.9893,3.5544,3.5544,0.1215,0.6533,7.823,False,897,897,1.01
SASDWS6,42,78,3,5.7829,3.8342,3.8342,0.1016,0.6194,3.36,False,741,741,0.56
SASDWT6,42,79,3,5.1885,3.5503,3.5503,0.1347,0.59,4.303,True,739,739,1.0
SASDX24,42,80,3,6.1557,4.3454,4.3454,0.0275,0.7248,2.376,False,2162,2162,3.32
SASDX64,42,81,3,4.0338,2.6013,2.6013,0.0162,0.4652,1.846,False,4553,4553,3.41
SASDX74,42,82,3,4.1967,2.709,2.6969,0.0155,0.3926,0.299,True,5235,5000,4.19
SASDXB2,42,83,3,5.8884,4.1722,4.1722,0.0144,0.4422,3.106,True,778,778,0.8
SASDXB7,42,84,3,7.9946,5.589,5.5199,0.1405,0.1868,5.385,True,5975,5000,5.25
SASDXC7,42,85,3,6.7958,6.6336,6.6193,0.2004,0.2973,7.927,False,5386,5000,2.1
SASDXF5,42,86,3,7.2641,5.8048,5.8048,0.1497,0.5136,9.768,True,1988,1988,3.61
SASDXF6,42,87,3,5.3692,4.3231,4.3231,0.1994,0.5016,1.222,False,933,933,1.25
SASDXH4,42,88,3,9.7012,7.3499,7.3499,0.2448,0.7041,9.979,True,740,740,2.36
SASDXJ4,42,89,3,3.4772,3.0099,3.0099,0.4296,0.8077,0.913,True,130,130,0.23
SASDXK4,42,90,3,10.2143,6.9779,6.9779,0.0501,0.6623,1.429,False,909,909,1.45
SASDXS4,42,91,3,6.9365,4.7015,4.7015,0.0305,0.3164,2.339,True,828,828,0.55
SASDMV7,42,42,10,12.7396,8.1987,8.1987,0.0415,0.3981,14.115,True,2685,2685,10.48
SASDPT5,42,43,10,7.9453,5.7529,5.7529,0.0768,0.5992,5.964,True,786,786,3.33
SASDTS8,42,44,10,4.1754,2.9977,2.9977,0.2372,0.425,1.163,False,2033,2033,4.78
SASDTT8,42,45,10,9.2423,7.6128,7.6128,0.2494,0.6667,11.159,False,408,408,4.23
SASDUD6,42,46,10,4.9911,3.6536,3.6536,0.1271,0.7703,1.165,False,688,688,2.02
SASDUM8,42,47,10,7.902,6.3744,6.3744,0.254,0.4982,7.976,True,1712,1712,5.56
SASDUN8,42,48,10,7.4413,5.681,5.681,0.2034,0.5417,9.812,True,1704,1704,6.8
SASDUP8,42,49,10,7.064,5.5186,5.5186,0.2272,0.5413,1.612,True,1720,1720,7.08
SASDUQ8,42,50,10,6.8793,5.3737,5.3737,0.2063,0.5484,2.23,True,1694,1694,5.58
SASDUR8,42,51,10,7.1203,5.525,5.525,0.1687,0.5418,8.906,False,1676,1676,5.57
SASDUU3,42,52,10,6.9325,4.9946,4.9946,0.0097,0.7243,1.823,True,1030,1030,5.05
SASDUW5,42,53,10,6.4881,5.1276,5.1276,0.148,0.8072,2.542,False,166,166,1.29
SASDUX5,42,54,10,5.648,4.55,4.55,0.1034,0.8939,3.176,False,179,179,1.53
SASDUY5,42,55,10,27.0846,14.9993,14.9993,0.0276,0.1341,1.378,True,4124,4124,12.54
SASDUZ5,42,56,10,5.409,4.1743,4.1743,0.0823,0.7866,2.331,True,895,895,8.04
SASDV33,42,57,10,5.466,4.05,4.05,0.229,0.6178,9.202,False,832,832,2.28
SASDV62,42,58,10,4.0115,2.753,2.753,0.0819,0.6391,0.68,True,2300,2300,5.13
SASDV64,42,59,10,4.4469,2.9215,2.9215,0.0329,0.5367,0.281,True,1282,1282,2.85
SASDV74,42,60,10,4.3325,2.6912,2.6912,0.075,0.3337,2.059,False,962,962,1.48
SASDV75,42,61,10,7.4169,5.0964,5.066,0.032,0.3611,4.266,True,5265,5000,18.15
SASDV85,42,62,10,7.4106,5.1134,5.0932,0.0521,0.3599,5.224,True,5265,5000,18.38
SASDV95,42,63,10,6.7683,4.7353,4.6974,0.0228,0.3561,5.634,True,5265,5000,14.01
SASDVF8,42,64,10,7.8906,5.7274,5.7138,0.0518,0.3295,2.512,True,5265,5000,17.05
SASDVF9,42,65,10,13.815,9.2601,9.2601,0.0247,0.5932,4.412,False,762,762,5.47
SASDVG6,42,66,10,5.1451,4.0637,4.0637,0.085,0.8333,0.644,False,1512,1512,7.48
SASDVG8,42,67,10,7.734,5.611,5.586,0.05,0.34,1.982,True,5265,5000,17.14
SASDVH8,42,68,10,8.1403,5.9444,5.9075,0.0554,0.3292,0.932,False,5265,5000,17.33
SASDVJ8,42,69,10,5.3656,3.8401,3.8401,0.1166,0.624,2.391,True,1851,1851,4.35
SASDVK8,42,70,10,6.3475,4.4379,4.4379,0.0508,0.5579,1.145,True,1391,1391,3.9
SASDVQ6,42,71,10,5.9834,5.2439,5.2439,0.1054,0.5351,7.977,True,2435,2435,8.01
SASDVR6,42,72,10,4.6866,3.453,3.453,0.1077,0.7588,1.162,True,514,514,1.57
SASDVT5,42,73,10,5.4095,4.1628,4.1628,0.2686,0.4918,5.15,False,858,858,2.21
SASDWG8,42,74,10,4.4858,2.8966,2.8966,0.0593,0.4714,1.684,True,1818,1818,3.15
SASDWM2,42,75,10,9.2855,8.2681,8.2681,0.4098,0.4218,2.26,False,524,524,1.88
SASDWN5,42,76,10,4.4405,3.157,3.157,0.1671,0.6557,7.73,False,1063,1063,2.99
SASDWP5,42,77,10,4.9882,3.5548,3.5548,0.1215,0.6555,8.052,False,897,897,2.26
SASDWS6,42,78,10,5.6135,3.8992,3.8992,0.1341,0.5641,2.945,False,741,741,1.7
SASDWT6,42,79,10,5.1429,3.4914,3.4914,0.1143,0.6238,2.754,False,739,739,1.65
SASDX24,42,80,10,6.1557,4.3454,4.3454,0.0275,0.7248,2.376,False,2162,2162,9.15
SASDX64,42,81,10,4.0289,2.5951,2.5951,0.0144,0.4663,1.575,False,4553,4553,7.07
SASDX74,42,82,10,4.1804,2.6896,2.6724,0.0194,0.3969,0.384,True,5235,5000,8.48
SASDXB2,42,83,10,5.8667,4.1574,4.1574,0.0192,0.4383,3.048,True,778,778,2.61
SASDXB7,42,84,10,6.6544,4.2766,4.2298,0.1281,0.204,2.219,True,5975,5000,7.71
SASDXC7,42,85,10,6.7873,6.619,6.5953,0.1902,0.2956,7.91,False,5386,5000,6.87
SASDXF5,42,86,10,6.923,5.6754,5.6754,0.1564,0.5387,7.869,False,1988,1988,5.3
SASDXF6,42,87,10,5.3692,4.3231,4.3231,0.1994,0.5016,1.222,False,933,933,3.52
SASDXH4,42,88,10,11.3516,8.5236,8.5236,0.2425,0.6176,10.319,False,740,740,4.52
SASDXJ4,42,89,10,3.4649,2.9735,2.9735,0.437,0.7769,0.576,True,130,130,0.59
SASDXK4,42,90,10,10.1006,6.8937,6.8937,0.0447,0.6623,1.994,True,909,909,4.09
SASDXS4,42,91,10,6.9275,4.6676,4.6676,0.0102,0.3514,1.758,False,828,828,1.73
SASDMV7,42,42,30,12.7724,8.2799,8.2799,0.0415,0.3911,12.893,True,2685,2685,25.62
SASDPT5,42,43,30,7.692,5.5421,5.5421,0.0828,0.6183,5.794,False,786,786,8.53
SASDTS8,42,44,30,4.1475,2.9908,2.9908,0.2299,0.4309,1.084,False,2033,2033,11.38
SASDTT8,42,45,30,9.1817,7.4438,7.4438,0.2196,0.7034,6.56,True,408,408,9.39
SASDUD6,42,46,30,4.9911,3.6536,3.6536,0.1271,0.7703,1.165,False,688,688,6.56
SASDUM8,42,47,30,7.902,6.3744,6.3744,0.254,0.4982,7.976,True,1712,1712,17.32
SASDUN8,42,48,30,7.4323,5.67,5.67,0.2024,0.5411,10.116,True,1704,1704,16.46
SASDUP8,42,49,30,7.064,5.5186,5.5186,0.2272,0.5413,1.612,True,1720,1720,30.99
SASDUQ8,42,50,30,6.8792,5.3733,5.3733,0.2063,0.5478,2.211,True,1694,1694,16.46
SASDUR8,42,51,30,7.1203,5.525,5.525,0.1687,0.5418,8.906,False,1676,1676,15.8
SASDUU3,42,52,30,6.9249,4.9904,4.9904,0.0097,0.7282,2.101,True,1030,1030,16.34
SASDUW5,42,53,30,6.4881,5.1276,5.1276,0.148,0.8072,2.542,False,166,166,3.14
SASDUX5,42,54,30,5.648,4.55,4.55,0.1034,0.8939,3.176,False,179,179,7.0
SASDUY5,42,55,30,27.0706,15.0164,15.0164,0.0421,0.128,4.091,True,4124,4124,33.35
SASDUZ5,42,56,30,5.399,4.1632,4.1632,0.0781,0.7888,2.138,True,895,895,11.11
SASDV33,42,57,30,5.466,4.05,4.05,0.229,0.6178,9.202,False,832,832,7.93
SASDV62,42,58,30,3.9799,2.7285,2.7285,0.0732,0.6543,0.357,False,2300,2300,14.63
SASDV64,42,59,30,4.444,2.9156,2.9156,0.037,0.5413,0.213,False,1282,1282,7.53
SASDV74,42,60,30,4.2697,2.673,2.673,0.05,0.3503,0.589,True,962,962,4.23
SASDV75,42,61,30,7.4138,5.0957,5.0648,0.0316,0.3586,4.171,True,5265,5000,50.74
SASDV85,42,62,30,7.3987,5.108,5.0883,0.0518,0.3578,5.229,True,5265,5000,50.14
SASDV95,42,63,30,6.7542,4.7233,4.6859,0.0236,0.3523,5.488,True,5265,5000,49.54
SASDVF8,42,64,30,7.9019,5.7313,5.7129,0.0507,0.3263,2.074,True,5265,5000,51.73
SASDVF9,42,65,30,13.815,9.2601,9.2601,0.0247,0.5932,4.412,False,762,762,17.92
SASDVG6,42,66,30,5.1429,4.0623,4.0623,0.0836,0.8327,0.634,False,1512,1512,41.98
SASDVG8,42,67,30,7.7571,5.6287,5.6014,0.0504,0.3381,1.824,True,5265,5000,51.33
SASDVH8,42,68,30,8.1258,5.9183,5.8803,0.0547,0.3255,0.984,False,5265,5000,53.21
SASDVJ8,42,69,30,5.3514,3.8118,3.8118,0.1121,0.6218,2.484,True,1851,1851,13.04
SASDVK8,42,70,30,6.3352,4.4528,4.4528,0.0538,0.5679,1.289,False,1391,1391,11.86
SASDVQ6,42,71,30,5.8993,5.0711,5.0711,0.1359,0.5302,9.884,False,2435,2435,35.49
SASDVR6,42,72,30,4.6701,3.4407,3.4407,0.1145,0.751,1.201,True,514,514,6.37
SASDVT5,42,73,30,5.3367,4.0337,4.0337,0.2278,0.458,4.205,True,858,858,6.97
SASDWG8,42,74,30,4.4798,2.853,2.853,0.0519,0.4774,2.042,False,1818,1818,9.92
SASDWM2,42,75,30,8.9567,8.333,8.333,0.4024,0.4618,3.411,False,524,524,6.4
SASDWN5,42,76,30,4.4218,3.1439,3.1439,0.1494,0.6519,7.494,False,1063,1063,7.78
SASDWP5,42,77,30,4.9882,3.5548,3.5548,0.1215,0.6555,8.052,False,897,897,7.13
SASDWS6,42,78,30,5.4095,3.6909,3.6909,0.0854,0.6032,2.277,False,741,741,5.87
SASDWT6,42,79,30,5.1132,3.4672,3.4672,0.1102,0.6319,1.917,False,739,739,17.51
SASDX24,42,80,30,6.1236,4.3025,4.3025,0.0253,0.7197,3.264,True,2162,2162,22.93
SASDX64,42,81,30,4.0285,2.5949,2.5949,0.0144,0.468,1.568,False,4553,4553,22.97
SASDX74,42,82,30,4.1829,2.6884,2.6685,0.0214,0.3945,0.233,True,5235,5000,26.18
SASDXB2,42,83,30,5.7569,4.1605,4.1605,0.0096,0.4576,1.582,False,778,778,8.51
SASDXB7,42,84,30,6.6552,4.3312,4.2933,0.1281,0.2154,2.285,False,5975,5000,22.47
SASDXC7,42,85,30,6.7873,6.619,6.5953,0.1902,0.2956,7.91,False,5386,5000,19.56
SASDXF5,42,86,30,6.923,5.6754,5.6754,0.1564,0.5387,7.869,False,1988,1988,15.91
SASDXF6,42,87,30,5.3692,4.3231,4.3231,0.1994,0.5016,1.222,False,933,933,11.53
SASDXH4,42,88,30,9.811,7.3551,7.3551,0.235,0.6797,7.45,True,740,740,17.61
SASDXJ4,42,89,30,3.3765,2.8867,2.8867,0.437,0.7846,1.162,False,130,130,2.05
SASDXK4,42,90,30,10.1004,6.8936,6.8936,0.0447,0.6623,1.983,True,909,909,15.23
SASDXS4,42,91,30,6.7281,4.596,4.596,0.0127,0.3357,2.37,False,828,828,5.57
SASDMV7,42,42,100,12.6255,8.0864,8.0864,0.0535,0.4115,14.2,True,2685,2685,87.21
SASDPT5,42,43,100,7.6878,5.5449,5.5449,0.0949,0.6196,5.712,False,786,786,33.26
SASDTS8,42,44,100,4.1365,2.9624,2.9624,0.2336,0.4383,0.834,False,2033,2033,38.06
SASDTT8,42,45,100,9.0996,7.4615,7.4615,0.1949,0.7108,4.66,True,408,408,33.14
SASDUD6,42,46,100,4.9853,3.6352,3.6352,0.1292,0.7718,1.37,False,688,688,21.94
SASDUM8,42,47,100,7.746,6.3142,6.3142,0.2371,0.5117,10.598,True,1712,1712,57.01
SASDUN8,42,48,100,7.4274,5.6613,5.6613,0.2034,0.5399,10.312,True,1704,1704,55.75
SASDUP8,42,49,100,7.0622,5.5162,5.5162,0.2282,0.543,1.549,True,1720,1720,56.16
SASDUQ8,42,50,100,6.8785,5.3717,5.3717,0.2054,0.549,2.275,True,1694,1694,57.24
SASDUR8,42,51,100,7.1077,5.5173,5.5173,0.1677,0.543,9.097,False,1676,1676,57.83
SASDUU3,42,52,100,6.9203,5.0024,5.0024,0.0063,0.7243,2.13,True,1030,1030,52.46
SASDUW5,42,53,100,6.487,5.1269,5.1269,0.148,0.8072,2.557,False,166,166,10.66
SASDUX5,42,54,100,5.648,4.55,4.55,0.1034,0.8939,3.176,False,179,179,11.58
SASDUY5,42,55,100,27.0594,14.9922,14.9922,0.0377,0.1314,3.294,True,4124,4124,120.27
SASDUZ5,42,56,100,5.4116,4.1712,4.1712,0.074,0.7933,2.168,True,895,895,37.24
SASDV33,42,57,100,5.466,4.05,4.05,0.229,0.6178,9.202,False,832,832,23.41
SASDV62,42,58,100,3.9799,2.7285,2.7285,0.0732,0.6543,0.357,False,2300,2300,54.35
SASDV64,42,59,100,4.4395,2.9101,2.9101,0.0329,0.5523,0.27,True,1282,1282,28.51
SASDV74,42,60,100,4.2696,2.6731,2.6731,0.05,0.3534,0.667,True,962,962,15.11
SASDV75,42,61,100,7.4107,5.095,5.062,0.0327,0.3611,4.193,True,5265,5000,176.8
SASDV85,42,62,100,7.3968,5.1073,5.089,0.0476,0.3584,5.09,True,5265,5000,178.04
SASDV95,42,63,100,6.7579,4.7295,4.695,0.0221,0.3554,5.604,True,5265,5000,151.75
SASDVF8,42,64,100,7.867,5.711,5.6957,0.0478,0.329,2.094,True,5265,5000,185.94
SASDVF9,42,65,100,13.7992,9.2484,9.2484,0.0247,0.5945,4.678,False,762,762,54.82
SASDVG6,42,66,100,5.1429,4.0623,4.0623,0.0836,0.8327,0.634,False,1512,1512,82.76
SASDVG8,42,67,100,7.7228,5.597,5.5751,0.0493,0.3385,1.806,True,5265,5000,181.09
SASDVH8,42,68,100,8.1258,5.9183,5.8803,0.0547,0.3255,0.984,False,5265,5000,186.29
SASDVJ8,42,69,100,5.346,3.826,3.826,0.1181,0.6267,2.361,False,1851,1851,46.78
SASDVK8,42,70,100,6.2929,4.4145,4.4145,0.0493,0.56,2.422,True,1391,1391,41.86
SASDVQ6,42,71,100,5.8181,5.0121,5.0121,0.129,0.5413,9.901,False,2435,2435,88.61
SASDVR6,42,72,100,4.6721,3.4416,3.4416,0.1145,0.751,1.38,True,514,514,17.94
SASDVT5,42,73,100,5.263,3.9726,3.9726,0.2206,0.472,5.156,True,858,858,24.04
SASDWG8,42,74,100,4.4739,2.8777,2.8777,0.0444,0.4763,1.77,True,1818,1818,35.53
SASDWM2,42,75,100,8.9567,8.333,8.333,0.4024,0.4618,3.411,False,524,524,21.82
SASDWN5,42,76,100,4.4193,3.1319,3.1319,0.1443,0.6698,7.046,False,1063,1063,26.58
SASDWP5,42,77,100,4.9739,3.5384,3.5384,0.1266,0.6656,8.111,False,897,897,24.19
SASDWS6,42,78,100,5.4089,3.6906,3.6906,0.0854,0.6005,2.255,False,741,741,18.69
SASDWT6,42,79,100,5.1132,3.4672,3.4672,0.1102,0.6319,1.917,False,739,739,25.36
SASDX24,42,80,100,6.1035,4.2943,4.2943,0.0237,0.7229,3.368,True,2162,2162,85.99
SASDX64,42,81,100,4.0228,2.5826,2.5826,0.0144,0.4687,1.609,False,4553,4553,75.32
SASDX74,42,82,100,4.1804,2.6898,2.6728,0.0194,0.3966,0.38,True,5235,5000,86.41
SASDXB2,42,83,100,5.7569,4.1605,4.1605,0.0096,0.4576,1.582,False,778,778,24.15
SASDXB7,42,84,100,6.6544,4.2768,4.2301,0.1281,0.2042,2.215,True,5975,5000,71.94
SASDXC7,42,85,100,6.7258,6.6199,6.5917,0.1902,0.2971,8.535,False,5386,5000,75.81
SASDXF5,42,86,100,6.8925,5.4941,5.4941,0.1297,0.5433,12.73,True,1988,1988,60.35
SASDXF6,42,87,100,5.3598,4.3889,4.3889,0.1833,0.5016,2.569,False,933,933,39.07
SASDXH4,42,88,100,9.7846,7.3465,7.3465,0.2391,0.6865,8.567,True,740,740,50.45
SASDXJ4,42,89,100,3.3685,2.8949,2.8949,0.4074,0.7923,0.718,False,130,130,6.45
SASDXK4,42,90,100,10.0999,6.8928,6.8928,0.0447,0.6634,2.036,True,909,909,41.89
SASDXS4,42,91,100,6.72,4.5959,4.5959,0.0127,0.3418,2.012,False,828,828,16.94
SASDMV7,1042,1042,3,12.7724,8.2799,8.2799,0.0415,0.3911,12.893,True,2685,2685,3.74
SASDPT5,1042,1043,3,9.4392,7.0099,7.0099,0.1205,0.5051,22.865,False,786,786,2.16
SASDTS8,1042,1044,3,4.2142,3.0663,3.0663,0.2336,0.4206,0.977,True,2033,2033,2.43
SASDTT8,1042,1045,3,9.2177,7.4338,7.4338,0.2306,0.6985,3.974,True,408,408,1.65
SASDUD6,1042,1046,3,4.9911,3.6536,3.6536,0.1271,0.7703,1.165,False,688,688,2.43
SASDUM8,1042,1047,3,8.516,6.538,6.538,0.2708,0.4702,3.093,True,1712,1712,2.04
SASDUN8,1042,1048,3,8.3465,6.6767,6.6767,0.2083,0.4959,2.834,True,1704,1704,2.73
SASDUP8,1042,1049,3,7.064,5.5186,5.5186,0.2272,0.5413,1.612,True,1720,1720,2.59
SASDUQ8,1042,1050,3,6.8802,5.3614,5.3614,0.2063,0.549,2.685,True,1694,1694,2.31
SASDUR8,1042,1051,3,7.2875,5.5839,5.5839,0.1885,0.5257,9.712,True,1676,1676,2.42
SASDUU3,1042,1052,3,6.9325,4.9946,4.9946,0.0097,0.7243,1.823,True,1030,1030,2.98
SASDUW5,1042,1053,3,6.9058,5.4663,5.4663,0.1752,0.7771,4.094,False,166,166,0.59
SASDUX5,1042,1054,3,5.6802,4.5359,4.5359,0.1034,0.8659,4.891,False,179,179,0.41
SASDUY5,1042,1055,3,27.0799,15.0115,15.0115,0.0363,0.1312,2.395,True,4124,4124,5.26
SASDUZ5,1042,1056,3,5.4175,4.1753,4.1753,0.0781,0.7866,2.475,True,895,895,2.39
SASDV33,1042,1057,3,5.466,4.05,4.05,0.229,0.6178,9.202,False,832,832,1.0
SASDV62,1042,1058,3,3.9911,2.7407,2.7407,0.0871,0.6457,0.338,False,2300,2300,2.76
SASDV64,1042,1059,3,4.4479,2.9362,2.9362,0.037,0.5413,0.242,False,1282,1282,1.06
SASDV74,1042,1060,3,4.3325,2.6912,2.6912,0.075,0.3337,2.059,False,962,962,0.72
SASDV75,1042,1061,3,7.4214,5.1071,5.0811,0.0323,0.3586,4.102,True,5265,5000,6.96
SASDV85,1042,1062,3,7.3993,5.1076,5.0887,0.0502,0.3603,5.37,True,5265,5000,6.54
SASDV95,1042,1063,3,6.8007,4.8011,4.7679,0.0323,0.3299,8.812,True,5265,5000,6.25
SASDVF8,1042,1064,3,8.698,6.2891,6.27,0.0529,0.2942,5.2,True,5265,5000,8.0
SASDVF9,1042,1065,3,16.0827,10.6287,10.6287,0.109,0.4987,6.4,False,762,762,2.23
SASDVG6,1042,1066,3,5.1996,4.1004,4.1004,0.0734,0.8393,0.953,False,1512,1512,2.55
SASDVG8,1042,1067,3,7.784,5.6469,5.6072,0.0507,0.3368,1.132,True,5265,5000,6.82
SASDVH8,1042,1068,3,8.1401,5.9309,5.8974,0.0493,0.3364,0.405,True,5265,5000,8.49
SASDVJ8,1042,1069,3,5.4328,3.9065,3.9065,0.1241,0.6148,2.289,False,1851,1851,2.19
SASDVK8,1042,1070,3,6.4089,4.549,4.549,0.0568,0.56,2.549,True,1391,1391,1.37
SASDVQ6,1042,1071,3,6.4716,5.1724,5.1724,0.0714,0.2838,13.884,False,2435,2435,3.65
SASDVR6,1042,1072,3,4.7016,3.4684,3.4684,0.1111,0.7549,0.917,True,514,514,0.49
SASDVT5,1042,1073,3,5.4095,4.1628,4.1628,0.2686,0.4918,5.15,False,858,858,0.7
SASDWG8,1042,1074,3,4.4833,2.878,2.878,0.063,0.4681,2.336,True,1818,1818,1.72
SASDWM2,1042,1075,3,10.4139,9.8697,9.8697,0.422,0.4275,12.04,False,524,524,0.69
SASDWN5,1042,1076,3,4.4855,3.2501,3.2501,0.1544,0.6595,7.749,True,1063,1063,2.18
SASDWP5,1042,1077,3,5.2441,3.7575,3.7575,0.1671,0.621,8.654,True,897,897,1.03
SASDWS6,1042,1078,3,5.511,3.8482,3.8482,0.0976,0.5816,2.469,True,741,741,0.55
SASDWT6,1042,1079,3,5.265,3.6727,3.6727,0.0898,0.5602,5.63,True,739,739,0.99
SASDX24,1042,1080,3,6.1408,4.3217,4.3217,0.0248,0.7197,2.63,True,2162,2162,3.25
SASDX64,1042,1081,3,4.0302,2.598,2.598,0.0162,0.4676,1.64,False,4553,4553,3.29
SASDX74,1042,1082,3,4.2857,2.7371,2.7378,0.0311,0.3878,1.989,False,5235,5000,4.19
SASDXB2,1042,1083,3,5.767,4.1669,4.1669,0.0048,0.455,1.419,False,778,778,1.15
SASDXB7,1042,1084,3,8.0106,5.581,5.5301,0.157,0.1861,5.241,False,5975,5000,4.62
SASDXC7,1042,1085,3,6.807,6.658,6.6224,0.2004,0.2939,7.875,False,5386,5000,2.36
SASDXF5,1042,1086,3,7.2641,5.8048,5.8048,0.1497,0.5136,9.768,True,1988,1988,2.15
SASDXF6,1042,1087,3,5.3692,4.3231,4.3231,0.1994,0.5016,1.222,False,933,933,2.04
SASDXH4,1042,1088,3,9.8592,7.3988,7.3988,0.2362,0.6946,6.159,True,740,740,2.28
SASDXJ4,1042,1089,3,3.4595,2.9843,2.9843,0.437,0.7923,0.591,True,130,130,0.19
SASDXK4,1042,1090,3,10.2611,7.0349,7.0349,0.0908,0.6557,5.597,True,909,909,1.59
SASDXS4,1042,1091,3,6.9193,4.6654,4.6654,0.0051,0.3454,1.523,False,828,828,0.67
SASDMV7,1042,1042,10,12.7724,8.2799,8.2799,0.0415,0.3911,12.893,True,2685,2685,9.25
SASDPT5,1042,1043,10,9.4257,7.024,7.024,0.119,0.4949,21.933,False,786,786,2.7
SASDTS8,1042,1044,10,4.1795,3.0377,3.0377,0.2409,0.422,1.013,True,2033,2033,4.68
SASDTT8,1042,1045,10,9.3142,7.4002,7.4002,0.1966,0.6936,9.217,False,408,408,3.33
SASDUD6,1042,1046,10,4.9911,3.6536,3.6536,0.1271,0.7703,1.165,False,688,688,3.17
SASDUM8,1042,1047,10,7.902,6.3744,6.3744,0.254,0.4982,7.976,True,1712,1712,5.35
SASDUN8,1042,1048,10,7.4546,5.6646,5.6646,0.1964,0.5358,9.777,True,1704,1704,6.16
SASDUP8,1042,1049,10,7.064,5.5186,5.5186,0.2272,0.5413,1.612,True,1720,1720,5.1
SASDUQ8,1042,1050,10,6.8807,5.3604,5.3604,0.2063,0.549,2.707,True,1694,1694,6.48
SASDUR8,1042,1051,10,7.1284,5.5274,5.5274,0.1667,0.5412,9.101,False,1676,1676,5.53
SASDUU3,1042,1052,10,6.9325,4.9946,4.9946,0.0097,0.7243,1.823,True,1030,1030,5.92
SASDUW5,1042,1053,10,6.4889,5.1319,5.1319,0.145,0.8072,3.301,False,166,166,1.11
SASDUX5,1042,1054,10,5.6802,4.5359,4.5359,0.1034,0.8659,4.891,False,179,179,2.42
SASDUY5,1042,1055,10,27.0835,15.0416,15.0416,0.0421,0.1285,4.523,False,4124,4124,11.44
SASDUZ5,1042,1056,10,5.4136,4.1739,4.1739,0.076,0.7922,2.258,True,895,895,4.98
SASDV33,1042,1057,10,5.466,4.05,4.05,0.229,0.6178,9.202,False,832,832,2.6
SASDV62,1042,1058,10,3.9903,2.7307,2.7307,0.0819,0.633,0.638,False,2300,2300,5.13
SASDV64,1042,1059,10,4.4479,2.9362,2.9362,0.037,0.5413,0.242,False,1282,1282,2.39
SASDV74,1042,1060,10,4.3325,2.6912,2.6912,0.075,0.3337,2.059,False,962,962,1.62
SASDV75,1042,1061,10,7.3977,5.0871,5.065,0.0312,0.3601,4.036,True,5265,5000,22.58
SASDV85,1042,1062,10,7.39,5.1021,5.0831,0.0483,0.3544,4.967,True,5265,5000,16.39
SASDV95,1042,1063,10,6.7981,4.7406,4.7015,0.0213,0.3544,5.687,True,5265,5000,16.04
SASDVF8,1042,1064,10,7.9614,5.7389,5.7026,0.0489,0.3288,1.53,True,5265,5000,16.77
SASDVF9,1042,1065,10,13.8439,9.2808,9.2808,0.0252,0.5866,6.682,False,762,762,5.51
SASDVG6,1042,1066,10,5.1549,4.0679,4.0679,0.0863,0.838,0.462,False,1512,1512,7.31
SASDVG8,1042,1067,10,7.7911,5.6527,5.6088,0.05,0.3402,1.312,True,5265,5000,19.62
SASDVH8,1042,1068,10,8.1164,5.909,5.8758,0.055,0.3337,1.197,False,5265,5000,20.35
SASDVJ8,1042,1069,10,5.4328,3.9065,3.9065,0.1241,0.6148,2.289,False,1851,1851,4.8
SASDVK8,1042,1070,10,6.3552,4.4749,4.4749,0.0478,0.5593,1.747,True,1391,1391,3.72
SASDVQ6,1042,1071,10,5.9059,5.0708,5.0708,0.1352,0.5322,9.842,False,2435,2435,7.72
SASDVR6,1042,1072,10,4.7016,3.4684,3.4684,0.1111,0.7549,0.917,True,514,514,1.55
SASDVT5,1042,1073,10,5.2656,3.9696,3.9696,0.2182,0.4767,4.96,True,858,858,2.2
SASDWG8,1042,1074,10,4.4855,2.8867,2.8867,0.0519,0.4725,1.928,True,1818,1818,3.29
SASDWM2,1042,1075,10,9.4319,8.5012,8.5012,0.4171,0.4408,4.009,True,524,524,1.86
SASDWN5,1042,1076,10,4.4219,3.1439,3.1439,0.1519,0.6538,7.529,False,1063,1063,2.48
SASDWP5,1042,1077,10,4.9898,3.5572,3.5572,0.1266,0.6544,7.913,False,897,897,2.26
SASDWS6,1042,1078,10,5.4713,3.7117,3.7117,0.0976,0.5965,2.469,False,741,741,1.68
SASDWT6,1042,1079,10,5.1803,3.5433,3.5433,0.1388,0.5927,4.113,False,739,739,1.69
SASDX24,1042,1080,10,6.1557,4.3454,4.3454,0.0275,0.7248,2.376,False,2162,2162,15.25
SASDX64,1042,1081,10,4.025,2.5892,2.5892,0.0162,0.4705,1.474,False,4553,4553,5.86
SASDX74,1042,1082,10,4.1677,2.6735,2.6684,0.0194,0.3943,0.247,True,5235,5000,9.17
SASDXB2,1042,1083,10,5.7668,4.1668,4.1668,0.0048,0.455,1.417,False,778,778,2.42
SASDXB7,1042,1084,10,6.6649,4.2938,4.2375,0.124,0.2047,2.202,True,5975,5000,8.0
SASDXC7,1042,1085,10,6.807,6.658,6.6224,0.2004,0.2939,7.875,False,5386,5000,8.45
SASDXF5,1042,1086,10,6.9965,5.7142,5.7142,0.1564,0.5367,7.924,False,1988,1988,6.17
SASDXF6,1042,1087,10,5.3692,4.3231,4.3231,0.1994,0.5016,1.222,False,933,933,3.17
SASDXH4,1042,1088,10,9.833,7.3847,7.3847,0.2362,0.6932,6.524,True,740,740,5.43
SASDXJ4,1042,1089,10,3.4772,3.0099,3.0099,0.4296,0.8077,0.913,True,130,130,0.7
SASDXK4,1042,1090,10,10.1012,6.8899,6.8899,0.044,0.67,1.573,True,909,909,4.46
SASDXS4,1042,1091,10,6.7344,4.6003,4.6003,0.0127,0.3357,2.499,False,828,828,1.8
SASDMV7,1042,1042,30,12.7227,8.1963,8.1963,0.0442,0.397,13.929,True,2685,2685,25.15
SASDPT5,1042,1043,30,7.6923,5.5443,5.5443,0.0843,0.6196,5.801,False,786,786,8.24
SASDTS8,1042,1044,30,4.1464,2.9823,2.9823,0.2336,0.4329,1.118,False,2033,2033,10.25
SASDTT8,1042,1045,30,9.0801,7.4517,7.4517,0.1932,0.7181,4.835,True,408,408,9.51
SASDUD6,1042,1046,30,4.9911,3.6536,3.6536,0.1271,0.7703,1.165,False,688,688,6.51
SASDUM8,1042,1047,30,7.7829,6.3205,6.3205,0.2431,0.5076,9.986,True,1712,1712,16.24
SASDUN8,1042,1048,30,7.427,5.6628,5.6628,0.2054,0.5434,10.398,True,1704,1704,22.66
SASDUP8,1042,1049,30,7.064,5.5186,5.5186,0.2272,0.5413,1.612,True,1720,1720,15.17
SASDUQ8,1042,1050,30,6.8804,5.3611,5.3611,0.2063,0.5496,2.698,True,1694,1694,15.13
SASDUR8,1042,1051,30,7.1255,5.5322,5.5322,0.1677,0.5442,8.759,False,1676,1676,16.31
SASDUU3,1042,1052,30,6.9212,4.9986,4.9986,0.0056,0.7223,2.222,True,1030,1030,14.61
SASDUW5,1042,1053,30,6.4815,5.1283,5.1283,0.145,0.8072,3.161,False,166,166,3.48
SASDUX5,1042,1054,30,5.6519,4.549,4.549,0.1089,0.8939,4.502,False,179,179,3.57
SASDUY5,1042,1055,30,27.0726,15.0147,15.0147,0.0377,0.13,3.571,False,4124,4124,40.87
SASDUZ5,1042,1056,30,5.4147,4.1737,4.1737,0.0781,0.7855,2.443,True,895,895,10.6
SASDV33,1042,1057,30,5.466,4.05,4.05,0.229,0.6178,9.202,False,832,832,14.91
SASDV62,1042,1058,30,3.9801,2.7175,2.7175,0.0784,0.65,0.428,True,2300,2300,14.92
SASDV64,1042,1059,30,4.4459,2.9127,2.9127,0.0329,0.5499,0.431,True,1282,1282,7.08
SASDV74,1042,1060,30,4.3325,2.6912,2.6912,0.075,0.3337,2.059,False,962,962,5.26
SASDV75,1042,1061,30,7.3986,5.0876,5.0656,0.0312,0.362,4.012,True,5265,5000,47.78
SASDV85,1042,1062,30,7.3802,5.0907,5.0713,0.0468,0.3624,5.315,True,5265,5000,48.25
SASDV95,1042,1063,30,6.7763,4.7298,4.6875,0.0221,0.3506,5.422,True,5265,5000,42.02
SASDVF8,1042,1064,30,7.9312,5.761,5.7296,0.0511,0.3316,2.317,True,5265,5000,48.54
SASDVF9,1042,1065,30,13.8439,9.2808,9.2808,0.0252,0.5866,6.682,False,762,762,14.58
SASDVG6,1042,1066,30,5.1459,4.0624,4.0624,0.0854,0.8313,0.525,False,1512,1512,21.37
SASDVG8,1042,1067,30,7.7633,5.6248,5.5834,0.0507,0.3364,1.798,True,5265,5000,48.0
SASDVH8,1042,1068,30,8.1164,5.909,5.8758,0.055,0.3337,1.197,False,5265,5000,49.59
SASDVJ8,1042,1069,30,5.3432,3.8233,3.8233,0.1166,0.631,2.168,False,1851,1851,12.56
SASDVK8,1042,1070,30,6.3244,4.4442,4.4442,0.0523,0.5715,1.88,True,1391,1391,15.56
SASDVQ6,1042,1071,30,5.9059,5.0708,5.0708,0.1352,0.5322,9.842,False,2435,2435,22.75
SASDVR6,1042,1072,30,4.6721,3.4416,3.4416,0.1145,0.751,1.38,True,514,514,4.87
SASDVT5,1042,1073,30,5.2948,3.9886,3.9886,0.2158,0.4767,5.071,True,858,858,7.25
SASDWG8,1042,1074,30,4.4753,2.8555,2.8555,0.0519,0.4857,2.159,False,1818,1818,9.47
SASDWM2,1042,1075,30,9.2225,8.2591,8.2591,0.4098,0.4332,2.412,False,524,524,5.49
SASDWN5,1042,1076,30,4.4219,3.1439,3.1439,0.1519,0.6538,7.529,False,1063,1063,7.47
SASDWP5,1042,1077,30,4.9822,3.5463,3.5463,0.1291,0.67,8.128,False,897,897,6.57
SASDWS6,1042,1078,30,5.4513,3.7124,3.7124,0.1057,0.587,2.287,False,741,741,5.06
SASDWT6,1042,1079,30,5.1803,3.5433,3.5433,0.1388,0.5927,4.113,False,739,739,5.0
SASDX24,1042,1080,30,6.1048,4.304,4.304,0.0237,0.7225,2.788,True,2162,2162,22.15
SASDX64,1042,1081,30,4.025,2.5892,2.5892,0.0162,0.4705,1.474,False,4553,4553,20.0
SASDX74,1042,1082,30,4.1671,2.6738,2.6681,0.0214,0.3941,0.209,True,5235,5000,22.76
SASDXB2,1042,1083,30,5.7645,4.1643,4.1643,0.0024,0.4524,1.342,False,778,778,6.39
SASDXB7,1042,1084,30,6.6681,4.2964,4.2397,0.124,0.2033,2.051,True,5975,5000,19.88
SASDXC7,1042,1085,30,6.807,6.658,6.6224,0.2004,0.2939,7.875,False,5386,5000,20.06
SASDXF5,1042,1086,30,6.9965,5.7142,5.7142,0.1564,0.5367,7.924,False,1988,1988,14.98
SASDXF6,1042,1087,30,5.3692,4.3231,4.3231,0.1994,0.5016,1.222,False,933,933,10.37
SASDXH4,1042,1088,30,9.8333,7.3847,7.3847,0.2362,0.6919,6.517,True,740,740,13.8
SASDXJ4,1042,1089,30,3.3219,2.8624,2.8624,0.4444,0.8231,0.793,False,130,130,1.76
SASDXK4,1042,1090,30,10.1,6.8926,6.8926,0.0454,0.6612,2.071,True,909,909,11.88
SASDXS4,1042,1091,30,6.723,4.5917,4.5917,0.0127,0.3382,2.264,False,828,828,5.06
SASDMV7,1042,1042,100,12.7705,8.2783,8.2783,0.0396,0.3892,12.898,True,2685,2685,79.0
SASDPT5,1042,1043,100,7.6897,5.5497,5.5497,0.0783,0.6081,6.177,False,786,786,26.9
SASDTS8,1042,1044,100,4.1464,2.9823,2.9823,0.2336,0.4329,1.118,False,2033,2033,34.53
SASDTT8,1042,1045,100,9.082,7.3913,7.3913,0.223,0.7157,5.36,True,408,408,29.95
SASDUD6,1042,1046,100,4.9911,3.6536,3.6536,0.1271,0.7703,1.165,False,688,688,32.35
SASDUM8,1042,1047,100,7.8038,6.3318,6.3318,0.245,0.5041,9.612,True,1712,1712,50.33
SASDUN8,1042,1048,100,7.4269,5.6626,5.6626,0.2044,0.5434,10.378,True,1704,1704,50.76
SASDUP8,1042,1049,100,7.0626,5.5155,5.5155,0.2262,0.5424,1.564,True,1720,1720,49.19
SASDUQ8,1042,1050,100,6.8804,5.3616,5.3616,0.2063,0.5496,2.675,True,1694,1694,52.02
SASDUR8,1042,1051,100,7.1154,5.5236,5.5236,0.1706,0.5436,8.653,False,1676,1676,50.23
SASDUU3,1042,1052,100,6.9186,4.9883,4.9883,0.0097,0.733,1.29,True,1030,1030,48.12
SASDUW5,1042,1053,100,6.4736,5.1284,5.1284,0.139,0.7831,1.692,False,166,166,10.6
SASDUX5,1042,1054,100,5.61,4.5188,4.5188,0.0978,0.8883,3.667,False,179,179,11.09
SASDUY5,1042,1055,100,27.0589,15.001,15.001,0.0363,0.129,3.075,True,4124,4124,104.98
SASDUZ5,1042,1056,100,5.412,4.1747,4.1747,0.076,0.7788,1.906,True,895,895,33.62
SASDV33,1042,1057,100,5.4606,4.0452,4.0452,0.229,0.6226,9.047,False,832,832,21.36
SASDV62,1042,1058,100,3.9617,2.7117,2.7117,0.0679,0.647,0.053,False,2300,2300,46.06
SASDV64,1042,1059,100,4.441,2.9152,2.9152,0.0329,0.5421,0.238,False,1282,1282,22.74
SASDV74,1042,1060,100,4.2673,2.6728,2.6728,0.05,0.3472,0.477,True,962,962,13.89
SASDV75,1042,1061,100,7.3888,5.0912,5.0744,0.0312,0.3569,4.661,True,5265,5000,150.74
SASDV85,1042,1062,100,7.3841,5.1058,5.0843,0.051,0.3601,5.219,True,5265,5000,152.85
SASDV95,1042,1063,100,6.6763,4.7506,4.7126,0.0323,0.3301,8.808,True,5265,5000,136.36
SASDVF8,1042,1064,100,7.9097,5.7457,5.7073,0.0496,0.3311,2.125,True,5265,5000,157.65
SASDVF9,1042,1065,100,13.8438,9.2808,9.2808,0.0252,0.5866,6.682,False,762,762,48.32
SASDVG6,1042,1066,100,5.1459,4.0624,4.0624,0.0854,0.8313,0.525,False,1512,1512,68.11
SASDVG8,1042,1067,100,7.7543,5.6164,5.5822,0.0504,0.3305,1.682,True,5265,5000,158.7
SASDVH8,1042,1068,100,8.1129,5.9099,5.8788,0.0543,0.3257,0.711,False,5265,5000,159.42
SASDVJ8,1042,1069,100,5.3306,3.8171,3.8171,0.1166,0.6294,2.461,False,1851,1851,41.58
SASDVK8,1042,1070,100,6.3237,4.4574,4.4574,0.0568,0.5687,1.879,True,1391,1391,36.02
SASDVQ6,1042,1071,100,5.8236,5.0136,5.0136,0.1283,0.5413,9.943,False,2435,2435,75.91
SASDVR6,1042,1072,100,4.6571,3.4252,3.4252,0.1077,0.7549,1.54,True,514,514,15.2
SASDVT5,1042,1073,100,5.2606,3.9667,3.9667,0.2158,0.4732,5.076,True,858,858,21.55
SASDWG8,1042,1074,100,4.4729,2.8521,2.8521,0.0481,0.4846,2.186,False,1818,1818,30.46
SASDWM2,1042,1075,100,8.772,8.0953,8.0953,0.4098,0.4676,5.164,False,524,524,18.1
SASDWN5,1042,1076,100,4.4188,3.131,3.131,0.1443,0.666,7.082,False,1063,1063,23.76
SASDWP5,1042,1077,100,4.9822,3.5463,3.5463,0.1291,0.67,8.128,False,897,897,21.48
SASDWS6,1042,1078,100,5.4082,3.6912,3.6912,0.0854,0.6046,2.238,False,741,741,16.56
SASDWT6,1042,1079,100,5.1709,3.5349,3.5349,0.1388,0.5954,3.949,False,739,739,16.2
SASDX24,1042,1080,100,6.124,4.3163,4.3163,0.0292,0.7248,2.79,False,2162,2162,71.62
SASDX64,1042,1081,100,4.025,2.5892,2.5892,0.0162,0.4705,1.474,False,4553,4553,67.06
SASDX74,1042,1082,100,4.1676,2.6735,2.6686,0.0214,0.3926,0.3,True,5235,5000,73.63
SASDXB2,1042,1083,100,5.7645,4.1643,4.1643,0.0024,0.4524,1.342,False,778,778,21.18
SASDXB7,1042,1084,100,6.6631,4.2855,4.2278,0.1198,0.2044,2.15,True,5975,5000,64.02
SASDXC7,1042,1085,100,6.7812,6.6369,6.5935,0.1963,0.2967,8.153,False,5386,5000,68.39
SASDXF5,1042,1086,100,6.945,5.5955,5.5955,0.1043,0.5282,6.07,False,1988,1988,49.39
SASDXF6,1042,1087,100,5.3642,4.3968,4.3968,0.1886,0.5102,2.733,False,933,933,34.44
SASDXH4,1042,1088,100,9.7839,7.3454,7.3454,0.2385,0.6851,8.59,True,740,740,43.48
SASDXJ4,1042,1089,100,3.3219,2.8624,2.8624,0.4444,0.8231,0.793,False,130,130,5.71
SASDXK4,1042,1090,100,10.1002,6.8926,6.8926,0.0447,0.6634,2.042,True,909,909,39.23
SASDXS4,1042,1091,100,6.7072,4.5825,4.5825,0.0153,0.3442,1.489,False,828,828,16.46
SASDMV7,2042,2042,3,12.7724,8.2799,8.2799,0.0415,0.3911,12.893,True,2685,2685,3.4
SASDPT5,2042,2043,3,7.9362,5.7448,5.7448,0.0798,0.6005,5.856,True,786,786,1.71
SASDTS8,2042,2044,3,4.1753,2.9987,2.9987,0.2372,0.4279,1.081,False,2033,2033,6.12
SASDTT8,2042,2045,3,9.3242,7.5583,7.5583,0.1966,0.6838,9.972,True,408,408,1.3
SASDUD6,2042,2046,3,4.9763,3.6384,3.6384,0.1271,0.7703,1.674,False,688,688,0.71
SASDUM8,2042,2047,3,8.5713,6.5972,6.5972,0.2798,0.465,3.7,True,1712,1712,2.93
SASDUN8,2042,2048,3,7.4437,5.6823,5.6823,0.2054,0.5417,9.75,True,1704,1704,5.64
SASDUP8,2042,2049,3,7.064,5.5186,5.5186,0.2272,0.5413,1.612,True,1720,1720,1.71
SASDUQ8,2042,2050,3,8.0068,6.0796,6.0796,0.245,0.5018,11.496,True,1694,1694,2.15
SASDUR8,2042,2051,3,7.1265,5.5317,5.5317,0.1677,0.543,8.855,False,1676,1676,3.34
SASDUU3,2042,2052,3,6.9242,4.9881,4.9881,0.0104,0.7214,2.054,True,1030,1030,2.28
SASDUW5,2042,2053,3,6.4888,5.1334,5.1334,0.142,0.8133,3.067,False,166,166,2.43
SASDUX5,2042,2054,3,5.6671,4.5291,4.5291,0.1061,0.8715,4.849,False,179,179,0.89
SASDUY5,2042,2055,3,27.0965,15.0353,15.0353,0.0421,0.1295,4.125,True,4124,4124,4.97
SASDUZ5,2042,2056,3,5.4175,4.1753,4.1753,0.0781,0.7866,2.475,True,895,895,1.55
SASDV33,2042,2057,3,5.466,4.05,4.05,0.229,0.6178,9.202,False,832,832,1.08
SASDV62,2042,2058,3,3.9886,2.725,2.725,0.0801,0.6417,0.727,False,2300,2300,2.89
SASDV64,2042,2059,3,4.4551,2.927,2.927,0.0494,0.5445,0.278,True,1282,1282,1.14
SASDV74,2042,2060,3,4.3325,2.6912,2.6912,0.075,0.3337,2.059,False,962,962,0.97
SASDV75,2042,2061,3,7.417,5.105,5.0774,0.032,0.3573,4.038,True,5265,5000,5.89
SASDV85,2042,2062,3,7.4072,5.1122,5.0941,0.0498,0.3575,5.423,True,5265,5000,6.22
SASDV95,2042,2063,3,6.7945,4.746,4.7219,0.0209,0.3493,5.419,True,5265,5000,5.85
SASDVF8,2042,2064,3,7.9354,5.743,5.7138,0.0511,0.3295,1.867,True,5265,5000,9.63
SASDVF9,2042,2065,3,16.0827,10.6287,10.6287,0.109,0.4987,6.4,False,762,762,1.42
SASDVG6,2042,2066,3,5.2028,4.1269,4.1269,0.085,0.8261,0.456,False,1512,1512,2.6
SASDVG8,2042,2067,3,7.7821,5.6486,5.6309,0.054,0.3368,2.956,True,5265,5000,6.55
SASDVH8,2042,2068,3,8.1244,5.9058,5.8855,0.0496,0.3347,0.736,True,5265,5000,5.93
SASDVJ8,2042,2069,3,5.4819,3.8917,3.8917,0.1256,0.6137,2.86,False,1851,1851,2.26
SASDVK8,2042,2070,3,6.4532,4.5886,4.5886,0.0553,0.5629,2.116,False,1391,1391,1.25
SASDVQ6,2042,2071,3,6.4716,5.1724,5.1724,0.0714,0.2838,13.884,False,2435,2435,2.99
SASDVR6,2042,2072,3,4.7016,3.4684,3.4684,0.1111,0.7549,0.917,True,514,514,0.6
SASDVT5,2042,2073,3,5.2606,3.9683,3.9683,0.2182,0.4802,4.951,True,858,858,0.72
SASDWG8,2042,2074,3,4.4892,2.8748,2.8748,0.0481,0.4686,2.34,True,1818,1818,1.06
SASDWM2,2042,2075,3,9.092,8.2826,8.2826,0.4268,0.4637,3.987,False,524,524,0.83
SASDWN5,2042,2076,3,4.5262,3.285,3.285,0.1595,0.6595,7.481,False,1063,1063,0.78
SASDWP5,2042,2077,3,5.6283,3.9928,3.9928,0.1367,0.5987,7.854,False,897,897,0.8
SASDWS6,2042,2078,3,5.7829,3.8342,3.8342,0.1016,0.6194,3.36,False,741,741,0.58
SASDWT6,2042,2079,3,5.1994,3.5595,3.5595,0.1306,0.5995,4.606,True,739,739,0.56
SASDX24,2042,2080,3,6.1444,4.3247,4.3247,0.027,0.7188,3.28,False,2162,2162,4.05
SASDX64,2042,2081,3,4.2384,2.7343,2.7343,0.0379,0.4445,0.417,True,4553,4553,2.38
SASDX74,2042,2082,3,4.4677,2.9112,2.8878,0.0621,0.3727,2.964,True,5235,5000,4.19
SASDXB2,2042,2083,3,5.8884,4.1722,4.1722,0.0144,0.4422,3.106,True,778,778,0.75
SASDXB7,2042,2084,3,6.6168,4.2763,4.2395,0.124,0.2047,2.204,True,5975,5000,3.33
SASDXC7,2042,2085,3,6.8161,6.6562,6.6163,0.2004,0.2913,7.87,False,5386,5000,2.89
SASDXF5,2042,2086,3,7.2641,5.8048,5.8048,0.1497,0.5136,9.768,True,1988,1988,3.24
SASDXF6,2042,2087,3,5.3692,4.3231,4.3231,0.1994,0.5016,1.222,False,933,933,1.37
SASDXH4,2042,2088,3,13.2331,9.7812,9.7812,0.3214,0.55,10.126,False,740,740,1.69
SASDXJ4,2042,2089,3,3.4772,3.0099,3.0099,0.4296,0.8077,0.913,True,130,130,0.2
SASDXK4,2042,2090,3,10.2392,6.9951,6.9951,0.0528,0.6612,4.317,False,909,909,1.46
SASDXS4,2042,2091,3,6.9365,4.7015,4.7015,0.0305,0.3164,2.339,True,828,828,0.61
SASDMV7,2042,2042,10,12.7724,8.2799,8.2799,0.0415,0.3911,12.893,True,2685,2685,9.71
SASDPT5,2042,2043,10,7.9603,5.7464,5.7464,0.0678,0.598,6.535,True,786,786,2.94
SASDTS8,2042,2044,10,4.168,2.9976,2.9976,0.2153,0.4304,1.384,False,2033,2033,7.41
SASDTT8,2042,2045,10,9.3039,7.3862,7.3862,0.2026,0.6912,9.271,False,408,408,3.12
SASDUD6,2042,2046,10,4.9763,3.6384,3.6384,0.1271,0.7703,1.674,False,688,688,2.47
SASDUM8,2042,2047,10,7.9021,6.3745,6.3745,0.254,0.4982,7.975,True,1712,1712,6.86
SASDUN8,2042,2048,10,7.4321,5.6698,5.6698,0.2024,0.5411,10.116,True,1704,1704,8.3
SASDUP8,2042,2049,10,7.064,5.5186,5.5186,0.2272,0.5413,1.612,True,1720,1720,5.38
SASDUQ8,2042,2050,10,6.8887,5.3634,5.3634,0.2044,0.5484,2.3,True,1694,1694,7.36
SASDUR8,2042,2051,10,7.1249,5.5313,5.5313,0.1677,0.5447,8.755,False,1676,1676,5.51
SASDUU3,2042,2052,10,6.9252,5.0066,5.0066,0.0069,0.7233,1.597,True,1030,1030,7.52
SASDUW5,2042,2053,10,6.4881,5.1276,5.1276,0.148,0.8072,2.542,False,166,166,1.47
SASDUX5,2042,2054,10,5.6671,4.5291,4.5291,0.1061,0.8715,4.849,False,179,179,1.52
SASDUY5,2042,2055,10,27.0766,15.0083,15.0083,0.0392,0.1268,3.305,False,4124,4124,12.86
SASDUZ5,2042,2056,10,5.4169,4.1751,4.1751,0.0781,0.7844,2.466,True,895,895,9.22
SASDV33,2042,2057,10,5.466,4.0514,4.0514,0.229,0.6166,9.198,False,832,832,2.28
SASDV62,2042,2058,10,3.9886,2.725,2.725,0.0801,0.6417,0.727,False,2300,2300,4.97
SASDV64,2042,2059,10,4.4516,2.92,2.92,0.0412,0.5484,0.647,False,1282,1282,2.4
SASDV74,2042,2060,10,4.2877,2.7021,2.7021,0.075,0.3503,0.884,True,962,962,1.47
SASDV75,2042,2061,10,7.3875,5.0828,5.0649,0.0316,0.3586,4.135,True,5265,5000,15.74
SASDV85,2042,2062,10,7.3954,5.1075,5.0921,0.0521,0.362,5.274,True,5265,5000,16.22
SASDV95,2042,2063,10,6.76,4.7189,4.6951,0.0205,0.3548,5.578,True,5265,5000,14.17
SASDVF8,2042,2064,10,7.9155,5.7476,5.7194,0.0518,0.328,2.313,True,5265,5000,16.86
SASDVF9,2042,2065,10,13.9742,9.2348,9.2348,0.0327,0.5971,6.024,True,762,762,5.08
SASDVG6,2042,2066,10,5.2028,4.1269,4.1269,0.085,0.8261,0.456,False,1512,1512,7.15
SASDVG8,2042,2067,10,7.7821,5.6486,5.6309,0.054,0.3368,2.956,True,5265,5000,16.76
SASDVH8,2042,2068,10,8.1073,5.9048,5.8883,0.0547,0.3331,0.989,False,5265,5000,16.89
SASDVJ8,2042,2069,10,5.3621,3.7851,3.7851,0.1211,0.624,2.168,False,1851,1851,4.46
SASDVK8,2042,2070,10,6.2878,4.4124,4.4124,0.0448,0.5665,1.82,True,1391,1391,3.83
SASDVQ6,2042,2071,10,6.4716,5.1724,5.1724,0.0714,0.2838,13.884,False,2435,2435,8.17
SASDVR6,2042,2072,10,4.6977,3.4631,3.4631,0.1077,0.7646,0.6,True,514,514,1.6
SASDVT5,2042,2073,10,5.3699,4.0683,4.0683,0.235,0.458,4.867,True,858,858,2.2
SASDWG8,2042,2074,10,4.4892,2.8748,2.8748,0.0481,0.4686,2.34,True,1818,1818,3.16
SASDWM2,2042,2075,10,9.092,8.2826,8.2826,0.4268,0.4637,3.987,False,524,524,1.89
SASDWN5,2042,2076,10,4.4241,3.1451,3.1451,0.1544,0.6491,7.377,False,1063,1063,2.44
SASDWP5,2042,2077,10,5.0645,3.6025,3.6025,0.1266,0.6622,7.591,False,897,897,2.19
SASDWS6,2042,2078,10,5.4491,3.7118,3.7118,0.1057,0.587,2.285,False,741,741,1.72
SASDWT6,2042,2079,10,5.1975,3.5599,3.5599,0.1551,0.5913,4.442,True,739,739,1.67
SASDX24,2042,2080,10,6.1444,4.3247,4.3247,0.027,0.7188,3.28,False,2162,2162,7.72
SASDX64,2042,2081,10,4.0284,2.5946,2.5946,0.0144,0.468,1.566,False,4553,4553,7.22
SASDX74,2042,2082,10,4.1982,2.713,2.697,0.0194,0.3935,0.477,True,5235,5000,8.14
SASDXB2,2042,2083,10,5.7711,4.1701,4.1701,0.0048,0.4512,1.363,False,778,778,2.21
SASDXB7,2042,2084,10,6.6011,4.3153,4.3003,0.124,0.2117,2.387,False,5975,5000,7.06
SASDXC7,2042,2085,10,6.7937,6.636,6.5924,0.1922,0.295,8.231,False,5386,5000,7.11
SASDXF5,2042,2086,10,6.9869,5.7099,5.7099,0.1564,0.5372,7.912,False,1988,1988,5.15
SASDXF6,2042,2087,10,5.3692,4.3231,4.3231,0.1994,0.5016,1.222,False,933,933,3.55
SASDXH4,2042,2088,10,9.8597,7.3987,7.3987,0.2362,0.6932,6.152,True,740,740,4.44
SASDXJ4,2042,2089,10,3.4772,3.0099,3.0099,0.4296,0.8077,0.913,True,130,130,0.57
SASDXK4,2042,2090,10,10.2392,6.9951,6.9951,0.0528,0.6612,4.317,False,909,909,4.07
SASDXS4,2042,2091,10,6.8861,4.6405,4.6405,0.0127,0.3563,1.682,True,828,828,1.72
SASDMV7,2042,2042,30,12.7724,8.2799,8.2799,0.0415,0.3911,12.893,True,2685,2685,25.54
SASDPT5,2042,2043,30,7.9164,5.7281,5.7281,0.0843,0.5954,5.873,True,786,786,12.41
SASDTS8,2042,2044,30,4.1633,2.9886,2.9886,0.2372,0.4304,1.252,False,2033,2033,15.2
SASDTT8,2042,2045,30,9.1084,7.4535,7.4535,0.194,0.7034,5.103,True,408,408,9.33
SASDUD6,2042,2046,30,4.9763,3.6384,3.6384,0.1271,0.7703,1.674,False,688,688,6.14
SASDUM8,2042,2047,30,7.8079,6.334,6.334,0.247,0.5041,9.548,True,1712,1712,16.45
SASDUN8,2042,2048,30,7.4263,5.6776,5.6776,0.2063,0.5376,10.007,True,1704,1704,17.73
SASDUP8,2042,2049,30,7.0626,5.5152,5.5152,0.2262,0.5424,1.571,True,1720,1720,15.66
SASDUQ8,2042,2050,30,6.8791,5.3733,5.3733,0.2063,0.5484,2.204,True,1694,1694,15.42
SASDUR8,2042,2051,30,7.122,5.5288,5.5288,0.1687,0.5442,8.819,False,1676,1676,17.43
SASDUU3,2042,2052,30,6.9271,4.9827,4.9827,0.009,0.7223,2.3,True,1030,1030,15.54
SASDUW5,2042,2053,30,6.467,5.125,5.125,0.145,0.7771,2.591,False,166,166,3.15
SASDUX5,2042,2054,30,5.6397,4.5461,4.5461,0.1034,0.8939,3.071,False,179,179,3.69
SASDUY5,2042,2055,30,27.0766,15.0083,15.0083,0.0392,0.1268,3.305,False,4124,4124,33.94
SASDUZ5,2042,2056,30,5.4152,4.1774,4.1774,0.0802,0.7788,2.078,True,895,895,15.05
SASDV33,2042,2057,30,5.4604,4.0446,4.0446,0.229,0.6214,9.047,False,832,832,6.86
SASDV62,2042,2058,30,3.9819,2.739,2.739,0.0801,0.6417,0.697,False,2300,2300,14.26
SASDV64,2042,2059,30,4.4339,2.9074,2.9074,0.0329,0.546,0.045,True,1282,1282,7.3
SASDV74,2042,2060,30,4.2699,2.6739,2.6739,0.05,0.3493,0.622,True,962,962,4.3
SASDV75,2042,2061,30,7.3907,5.0848,5.0668,0.0312,0.3595,4.085,True,5265,5000,46.35
SASDV85,2042,2062,30,7.3973,5.1085,5.0932,0.0521,0.3624,5.26,True,5265,5000,47.2
SASDV95,2042,2063,30,6.724,4.7077,4.69,0.0225,0.3546,5.748,True,5265,5000,44.02
SASDVF8,2042,2064,30,7.8722,5.7246,5.7049,0.0482,0.3301,2.215,True,5265,5000,48.34
SASDVF9,2042,2065,30,13.8053,9.2396,9.2396,0.0298,0.5892,4.606,False,762,762,14.67
SASDVG6,2042,2066,30,5.1478,4.0617,4.0617,0.0819,0.834,0.354,False,1512,1512,20.7
SASDVG8,2042,2067,30,7.7235,5.6012,5.5776,0.05,0.3368,1.741,True,5265,5000,50.09
SASDVH8,2042,2068,30,8.099,5.8817,5.8627,0.0496,0.3385,0.631,True,5265,5000,48.98
SASDVJ8,2042,2069,30,5.3573,3.8014,3.8014,0.1136,0.624,2.28,True,1851,1851,20.31
SASDVK8,2042,2070,30,6.2824,4.4225,4.4225,0.0538,0.5687,1.599,False,1391,1391,11.13
SASDVQ6,2042,2071,30,5.8175,5.012,5.012,0.1304,0.5392,9.923,False,2435,2435,22.93
SASDVR6,2042,2072,30,4.6578,3.4263,3.4263,0.1077,0.7568,1.465,True,514,514,4.63
SASDVT5,2042,2073,30,5.2599,3.9666,3.9666,0.2158,0.4744,5.164,True,858,858,6.43
SASDWG8,2042,2074,30,4.4762,2.8795,2.8795,0.0444,0.4758,1.781,True,1818,1818,9.25
SASDWM2,2042,2075,30,9.092,8.2826,8.2826,0.4268,0.4637,3.987,False,524,524,5.49
SASDWN5,2042,2076,30,4.4241,3.1451,3.1451,0.1544,0.6491,7.377,False,1063,1063,7.26
SASDWP5,2042,2077,30,4.9878,3.5494,3.5494,0.119,0.6644,7.684,False,897,897,6.51
SASDWS6,2042,2078,30,5.4491,3.7118,3.7118,0.1057,0.587,2.285,False,741,741,5.01
SASDWT6,2042,2079,30,5.1882,3.5503,3.5503,0.1347,0.5886,4.34,True,739,739,4.88
SASDX24,2042,2080,30,6.1231,4.2963,4.2963,0.0248,0.716,3.026,True,2162,2162,22.21
SASDX64,2042,2081,30,4.0284,2.5946,2.5946,0.0144,0.468,1.566,False,4553,4553,22.42
SASDX74,2042,2082,30,4.1911,2.6977,2.6803,0.0194,0.3885,0.468,True,5235,5000,22.6
SASDXB2,2042,2083,30,5.7711,4.1701,4.1701,0.0048,0.4512,1.363,False,778,778,7.1
SASDXB7,2042,2084,30,6.598,4.3091,4.2919,0.1322,0.2124,2.414,False,5975,5000,23.13
SASDXC7,2042,2085,30,6.7937,6.636,6.5924,0.1922,0.295,8.231,False,5386,5000,20.54
SASDXF5,2042,2086,30,6.9134,5.4983,5.4983,0.131,0.5352,12.791,True,1988,1988,22.53
SASDXF6,2042,2087,30,5.3692,4.3231,4.3231,0.1994,0.5016,1.222,False,933,933,10.41
SASDXH4,2042,2088,30,9.8386,7.3875,7.3875,0.235,0.6919,6.46,True,740,740,15.08
SASDXJ4,2042,2089,30,3.4043,2.9322,2.9322,0.4296,0.8,0.704,False,130,130,1.9
SASDXK4,2042,2090,30,10.101,6.8941,6.8941,0.0454,0.6623,2.029,True,909,909,13.16
SASDXS4,2042,2091,30,6.7264,4.5936,4.5936,0.0127,0.3382,2.371,False,828,828,4.99
SASDMV7,2042,2042,100,12.6955,8.1865,8.1865,0.0682,0.3933,14.232,True,2685,2685,104.91
SASDPT5,2042,2043,100,7.6829,5.5332,5.5332,0.0858,0.6158,5.721,False,786,786,63.82
SASDTS8,2042,2044,100,4.1492,2.9901,2.9901,0.2409,0.4314,0.862,False,2033,2033,33.42
SASDTT8,2042,2045,100,9.0866,7.463,7.463,0.1923,0.7157,4.819,True,408,408,29.38
SASDUD6,2042,2046,100,4.9763,3.6384,3.6384,0.1271,0.7703,1.674,False,688,688,20.3
SASDUM8,2042,2047,100,7.8291,6.335,6.335,0.245,0.5105,9.197,True,1712,1712,50.23
SASDUN8,2042,2048,100,7.4186,5.6813,5.6813,0.2073,0.5393,10.165,True,1704,1704,49.77
SASDUP8,2042,2049,100,7.0625,5.5151,5.5151,0.2262,0.5424,1.577,True,1720,1720,51.41
SASDUQ8,2042,2050,100,6.8791,5.3734,5.3734,0.2063,0.549,2.239,True,1694,1694,49.48
SASDUR8,2042,2051,100,7.0986,5.51,5.51,0.1687,0.5418,8.876,False,1676,1676,94.12
SASDUU3,2042,2052,100,6.9175,4.9802,4.9802,0.0097,0.7223,2.225,True,1030,1030,46.96
SASDUW5,2042,2053,100,6.467,5.125,5.125,0.145,0.7771,2.591,False,166,166,10.54
SASDUX5,2042,2054,100,5.6128,4.5208,4.5208,0.0978,0.8883,3.57,False,179,179,11.1
SASDUY5,2042,2055,100,27.0702,15.0289,15.0289,0.0406,0.1283,4.294,True,4124,4124,107.88
SASDUZ5,2042,2056,100,5.4121,4.1719,4.1719,0.0781,0.7844,2.508,True,895,895,33.1
SASDV33,2042,2057,100,5.4604,4.0446,4.0446,0.229,0.6214,9.047,False,832,832,21.31
SASDV62,2042,2058,100,3.9692,2.7166,2.7166,0.0714,0.6461,0.456,False,2300,2300,48.07
SASDV64,2042,2059,100,4.4341,2.9078,2.9078,0.0329,0.5468,0.049,True,1282,1282,25.06
SASDV74,2042,2060,100,4.2674,2.6702,2.6702,0.05,0.3534,0.621,True,962,962,13.72
SASDV75,2042,2061,100,7.387,5.0833,5.065,0.0312,0.3599,4.164,True,5265,5000,182.23
SASDV85,2042,2062,100,7.3849,5.1009,5.0858,0.0518,0.3611,5.267,True,5265,5000,159.66
SASDV95,2042,2063,100,6.5765,4.7771,4.7508,0.0529,0.4885,11.244,True,5265,5000,145.46
SASDVF8,2042,2064,100,7.8739,5.7413,5.7151,0.0486,0.3324,2.385,True,5265,5000,170.55
SASDVF9,2042,2065,100,13.8053,9.2396,9.2396,0.0298,0.5892,4.606,False,762,762,49.47
SASDVG6,2042,2066,100,5.1478,4.0617,4.0617,0.0819,0.834,0.354,False,1512,1512,75.6
SASDVG8,2042,2067,100,7.7092,5.6,5.5771,0.0504,0.3409,1.961,True,5265,5000,165.98
SASDVH8,2042,2068,100,8.0932,5.8829,5.8581,0.05,0.335,0.834,True,5265,5000,165.35
SASDVJ8,2042,2069,100,5.3302,3.8113,3.8113,0.1181,0.6337,2.921,False,1851,1851,42.37
SASDVK8,2042,2070,100,6.2824,4.4225,4.4225,0.0538,0.5687,1.599,False,1391,1391,42.58
SASDVQ6,2042,2071,100,5.8175,5.012,5.012,0.1304,0.5392,9.923,False,2435,2435,77.62
SASDVR6,2042,2072,100,4.6577,3.4265,3.4265,0.1077,0.7588,1.444,True,514,514,20.84
SASDVT5,2042,2073,100,5.2591,3.9663,3.9663,0.2158,0.4755,5.157,True,858,858,29.65
SASDWG8,2042,2074,100,4.4731,2.8519,2.8519,0.0481,0.4846,2.196,False,1818,1818,30.93
SASDWM2,2042,2075,100,8.9117,8.1362,8.1362,0.4,0.4599,3.19,False,524,524,18.1
SASDWN5,2042,2076,100,4.4209,3.1418,3.1418,0.1519,0.6538,7.451,False,1063,1063,23.8
SASDWP5,2042,2077,100,4.9833,3.548,3.548,0.1291,0.6644,8.08,False,897,897,21.83
SASDWS6,2042,2078,100,5.4087,3.6916,3.6916,0.0854,0.6046,2.241,False,741,741,16.5
SASDWT6,2042,2079,100,5.1709,3.5349,3.5349,0.1388,0.5954,3.949,False,739,739,18.84
SASDX24,2042,2080,100,6.1153,4.317,4.317,0.0259,0.7234,2.632,False,2162,2162,100.19
SASDX64,2042,2081,100,4.0276,2.5927,2.5927,0.0144,0.4672,1.544,False,4553,4553,56.31
SASDX74,2042,2082,100,4.1834,2.6908,2.6735,0.0214,0.3939,0.437,True,5235,5000,75.11
SASDXB2,2042,2083,100,5.766,4.1688,4.1688,0.0096,0.455,1.57,False,778,778,22.16
SASDXB7,2042,2084,100,6.598,4.3091,4.2919,0.1322,0.2124,2.414,False,5975,5000,63.2
SASDXC7,2042,2085,100,6.7562,6.6605,6.6306,0.2004,0.2911,8.892,False,5386,5000,68.13
SASDXF5,2042,2086,100,6.9611,5.5456,5.5456,0.135,0.5377,12.888,True,1988,1988,49.63
SASDXF6,2042,2087,100,5.3692,4.3231,4.3231,0.1994,0.5016,1.222,False,933,933,36.95
SASDXH4,2042,2088,100,9.747,7.4108,7.4108,0.2333,0.7054,8.867,True,740,740,48.93
SASDXJ4,2042,2089,100,3.339,2.9134,2.9134,0.4296,0.8,1.289,False,130,130,6.31
SASDXK4,2042,2090,100,10.0997,6.892,6.892,0.0454,0.6623,2.041,True,909,909,39.81
SASDXS4,2042,2091,100,6.7232,4.5917,4.5917,0.0127,0.337,2.247,False,828,828,16.81
