entry,variante,restarts,seed,custo,chamfer,chamfer_envfull,frac_fora,cobertura,sep_centroide,espelhado,segundos
SASDMV7,atual,3,42,12.7724,8.2799,8.2799,0.0415,0.3911,12.893,True,3.25
SASDPT5,atual,3,43,9.3441,6.8944,6.8944,0.1295,0.4987,22.516,True,1.24
SASDTS8,atual,3,44,4.1854,3.0231,3.0231,0.2336,0.4274,1.041,False,1.33
SASDTT8,atual,3,45,9.1752,7.4881,7.4881,0.1915,0.7206,5.343,True,1.14
SASDUD6,atual,3,46,4.9911,3.6536,3.6536,0.1271,0.7703,1.165,False,2.34
SASDUM8,atual,3,47,7.9021,6.3745,6.3745,0.254,0.4982,7.975,True,3.0
SASDUN8,atual,3,48,8.3701,6.7017,6.7017,0.2222,0.4883,2.267,True,1.82
SASDUP8,atual,3,49,7.064,5.5186,5.5186,0.2272,0.5413,1.612,True,1.96
SASDUQ8,atual,3,50,8.0068,6.0796,6.0796,0.245,0.5018,11.496,True,2.2
SASDUR8,atual,3,51,7.1229,5.5294,5.5294,0.1677,0.5436,8.824,False,2.2
SASDUU3,atual,3,52,6.9325,4.9946,4.9946,0.0097,0.7243,1.823,True,2.39
SASDUW5,atual,3,53,6.4881,5.1276,5.1276,0.148,0.8072,2.542,False,0.4
SASDUX5,atual,3,54,5.6802,4.5359,4.5359,0.1034,0.8659,4.891,False,0.4
SASDUY5,atual,3,55,27.0971,15.0302,15.0302,0.0392,0.1251,3.722,True,8.37
SASDUZ5,atual,3,56,5.4175,4.1753,4.1753,0.0781,0.7866,2.475,True,1.29
SASDV33,atual,3,57,5.466,4.05,4.05,0.229,0.6178,9.202,False,0.79
SASDV62,atual,3,58,4.1018,2.8318,2.8318,0.108,0.6326,0.764,True,1.88
SASDV64,atual,3,59,4.4551,2.927,2.927,0.0494,0.5445,0.278,True,0.97
SASDV74,atual,3,60,4.3325,2.6912,2.6912,0.075,0.3337,2.059,False,7.02
SASDV75,atual,3,61,7.4433,5.1082,5.0763,0.0323,0.3645,4.51,True,6.3
SASDV85,atual,3,62,7.4025,5.104,5.0832,0.0479,0.3533,4.996,True,7.02
SASDV95,atual,3,63,6.8224,4.7551,4.7261,0.0213,0.3548,5.854,True,5.99
SASDVF8,atual,3,64,8.2566,5.9887,5.9758,0.0622,0.3151,4.195,True,7.78
SASDVF9,atual,3,65,15.5887,10.3626,10.3626,0.1015,0.5262,7.394,True,1.99
SASDVG6,atual,3,66,5.2028,4.1269,4.1269,0.085,0.8261,0.456,False,4.55
SASDVG8,atual,3,67,7.7929,5.6552,5.6293,0.0543,0.3358,3.048,True,6.78
SASDVH8,atual,3,68,8.1403,5.9444,5.9075,0.0554,0.3292,0.932,False,6.71
SASDVJ8,atual,3,69,5.3552,3.8056,3.8056,0.1121,0.624,2.408,True,1.73
SASDVK8,atual,3,70,6.4675,4.5179,4.5179,0.0463,0.5622,2.521,True,2.33
SASDVQ6,atual,3,71,6.4716,5.1724,5.1724,0.0714,0.2838,13.884,False,3.42
SASDVR6,atual,3,72,4.7016,3.4684,3.4684,0.1111,0.7549,0.917,True,0.69
SASDVT5,atual,3,73,5.4095,4.1628,4.1628,0.2686,0.4918,5.15,False,0.86
SASDWG8,atual,3,74,4.4892,2.8748,2.8748,0.0481,0.4686,2.34,True,3.1
SASDWM2,atual,3,75,9.6498,9.2497,9.2497,0.3537,0.4695,5.351,False,0.85
SASDWN5,atual,3,76,4.4405,3.157,3.157,0.1671,0.6557,7.73,False,1.05
SASDWP5,atual,3,77,4.9893,3.5544,3.5544,0.1215,0.6533,7.823,False,0.82
SASDWS6,atual,3,78,5.7829,3.8342,3.8342,0.1016,0.6194,3.36,False,0.98
SASDWT6,atual,3,79,5.1885,3.5503,3.5503,0.1347,0.59,4.303,True,0.58
SASDX24,atual,3,80,6.1557,4.3454,4.3454,0.0275,0.7248,2.376,False,2.4
SASDX64,atual,3,81,4.0338,2.6013,2.6013,0.0162,0.4652,1.846,False,3.14
SASDX74,atual,3,82,4.1967,2.709,2.6969,0.0155,0.3926,0.299,True,2.95
SASDXB2,atual,3,83,5.8884,4.1722,4.1722,0.0144,0.4422,3.106,True,0.85
SASDXB7,atual,3,84,7.9946,5.589,5.5199,0.1405,0.1868,5.385,True,3.16
SASDXC7,atual,3,85,6.7958,6.6336,6.6193,0.2004,0.2973,7.927,False,2.32
SASDXF5,atual,3,86,7.2641,5.8048,5.8048,0.1497,0.5136,9.768,True,1.77
SASDXF6,atual,3,87,5.3692,4.3231,4.3231,0.1994,0.5016,1.222,False,1.57
SASDXH4,atual,3,88,9.7012,7.3499,7.3499,0.2448,0.7041,9.979,True,2.25
SASDXJ4,atual,3,89,3.4772,3.0099,3.0099,0.4296,0.8077,0.913,True,0.19
SASDXK4,atual,3,90,10.2143,6.9779,6.9779,0.0501,0.6623,1.429,False,1.37
SASDXS4,atual,3,91,6.9365,4.7015,4.7015,0.0305,0.3164,2.339,True,0.56
SASDMV7,eq1_irls,3,42,13.6603,9.2178,9.2178,0.1263,0.3702,18.377,True,3.04
SASDPT5,eq1_irls,3,43,9.352,7.0244,7.0244,0.1416,0.4847,24.481,True,0.97
SASDTS8,eq1_irls,3,44,4.2524,3.0985,3.0985,0.2445,0.4206,1.608,False,1.75
SASDTT8,eq1_irls,3,45,11.0019,8.2444,8.2444,0.2349,0.7279,11.896,True,1.39
SASDUD6,eq1_irls,3,46,4.9812,3.6395,3.6395,0.1104,0.7747,0.901,False,1.96
SASDUM8,eq1_irls,3,47,8.1478,6.4301,6.4301,0.2669,0.4831,3.53,True,1.89
SASDUN8,eq1_irls,3,48,8.3266,6.6059,6.6059,0.2014,0.5065,2.392,True,2.05
SASDUP8,eq1_irls,3,49,8.3349,6.5932,6.5932,0.2986,0.4645,13.695,True,6.12
SASDUQ8,eq1_irls,3,50,8.523,6.1681,6.1681,0.2431,0.5094,3.923,True,3.14
SASDUR8,eq1_irls,3,51,7.4415,5.6908,5.6908,0.1855,0.5257,5.872,True,2.82
SASDUU3,eq1_irls,3,52,7.2737,5.1568,5.1568,0.0083,0.7146,1.718,False,1.79
SASDUW5,eq1_irls,3,53,6.4174,5.1158,5.1158,0.1541,0.8012,2.423,False,1.15
SASDUX5,eq1_irls,3,54,5.9447,4.8355,4.8355,0.1899,0.8603,9.038,False,0.36
SASDUY5,eq1_irls,3,55,27.0572,15.0041,15.0041,0.0421,0.1288,3.55,False,4.72
SASDUZ5,eq1_irls,3,56,5.6127,4.3948,4.3948,0.101,0.7709,1.758,False,1.18
SASDV33,eq1_irls,3,57,5.5208,4.1453,4.1453,0.2392,0.6214,7.934,False,0.91
SASDV62,eq1_irls,3,58,4.4023,3.0267,3.0267,0.176,0.5922,1.978,False,4.51
SASDV64,eq1_irls,3,59,4.4842,2.9505,2.9505,0.0494,0.5476,0.947,False,1.17
SASDV74,eq1_irls,3,60,4.3222,2.6711,2.6711,0.0875,0.3524,1.758,False,1.94
SASDV75,eq1_irls,3,61,8.5149,6.1557,6.1375,0.0719,0.4009,16.919,False,6.88
SASDV85,eq1_irls,3,62,8.3985,5.7753,5.7523,0.0746,0.3225,13.272,False,7.19
SASDV95,eq1_irls,3,63,7.9532,5.6617,5.637,0.1244,0.4553,18.352,True,6.11
SASDVF8,eq1_irls,3,64,8.4949,6.2907,6.2653,0.0647,0.4211,9.827,False,6.52
SASDVF9,eq1_irls,3,65,16.0156,10.9835,10.9835,0.1601,0.5105,18.028,True,1.98
SASDVG6,eq1_irls,3,66,5.1871,4.1134,4.1134,0.085,0.8287,1.13,False,2.67
SASDVG8,eq1_irls,3,67,8.2318,5.9108,5.8798,0.0576,0.332,6.088,True,6.53
SASDVH8,eq1_irls,3,68,8.5066,6.204,6.1595,0.0619,0.3288,2.929,False,6.28
SASDVJ8,eq1_irls,3,69,6.061,4.4484,4.4484,0.0852,0.6159,2.915,True,2.0
SASDVK8,eq1_irls,3,70,6.7612,4.7657,4.7657,0.0448,0.5622,2.287,True,1.6
SASDVQ6,eq1_irls,3,71,8.279,7.4737,7.4737,0.4105,0.4632,12.448,True,3.22
SASDVR6,eq1_irls,3,72,4.9163,3.6049,3.6049,0.1145,0.7432,3.757,False,0.72
SASDVT5,eq1_irls,3,73,5.5716,4.2854,4.2854,0.259,0.472,2.914,False,0.73
SASDWG8,eq1_irls,3,74,4.5762,2.9455,2.9455,0.0741,0.4554,1.969,False,1.11
SASDWM2,eq1_irls,3,75,9.0142,9.1661,9.1661,0.3024,0.5229,9.097,False,0.62
SASDWN5,eq1_irls,3,76,4.4248,3.1291,3.1291,0.1519,0.6642,7.247,False,1.0
SASDWP5,eq1_irls,3,77,5.0981,3.6006,3.6006,0.1165,0.6488,8.489,False,0.98
SASDWS6,eq1_irls,3,78,5.2746,3.54,3.54,0.1016,0.6545,2.587,False,0.66
SASDWT6,eq1_irls,3,79,5.1309,3.4886,3.4886,0.1429,0.6319,1.375,True,0.67
SASDX24,eq1_irls,3,80,6.1308,4.3254,4.3254,0.0231,0.7248,1.172,False,3.94
SASDX64,eq1_irls,3,81,4.2893,2.7761,2.7761,0.0505,0.4465,3.456,False,2.05
SASDX74,eq1_irls,3,82,4.6657,3.0181,3.0026,0.0641,0.3656,6.294,True,3.25
SASDXB2,eq1_irls,3,83,5.8533,4.1536,4.1536,0.0264,0.4319,3.311,True,0.62
SASDXB7,eq1_irls,3,84,8.0601,5.4585,5.395,0.1033,0.1828,3.902,True,2.56
SASDXC7,eq1_irls,3,85,6.7473,6.63,6.6199,0.1861,0.3004,8.897,False,2.58
SASDXF5,eq1_irls,3,86,6.4044,5.4366,5.4366,0.1056,0.5498,8.315,False,1.79
SASDXF6,eq1_irls,3,87,5.3444,4.3142,4.3142,0.1919,0.5134,1.478,False,1.16
SASDXH4,eq1_irls,3,88,9.8347,7.5638,7.5638,0.2229,0.7014,17.241,True,2.1
SASDXJ4,eq1_irls,3,89,3.5352,3.1395,3.1395,0.4296,0.7692,2.143,False,0.2
SASDXK4,eq1_irls,3,90,10.2882,7.0496,7.0496,0.0867,0.6524,7.936,False,1.59
SASDXS4,eq1_irls,3,91,7.1871,4.8574,4.8574,0.0254,0.308,3.93,False,0.59
SASDMV7,eq1_ls,3,42,12.6145,8.127,8.127,0.0737,0.3966,13.231,True,4.22
SASDPT5,eq1_ls,3,43,9.3216,6.9757,6.9757,0.137,0.4987,22.982,True,1.03
SASDTS8,eq1_ls,3,44,4.1906,3.0123,3.0123,0.2372,0.4388,1.18,False,1.52
SASDTT8,eq1_ls,3,45,9.0581,7.6666,7.6666,0.1906,0.7108,7.719,True,1.2
SASDUD6,eq1_ls,3,46,4.9948,3.6844,3.6844,0.125,0.7747,0.859,False,0.95
SASDUM8,eq1_ls,3,47,7.671,6.2882,6.2882,0.2321,0.5234,12.208,True,2.47
SASDUN8,eq1_ls,3,48,8.31,6.7097,6.7097,0.2133,0.5023,3.222,True,2.58
SASDUP8,eq1_ls,3,49,7.0551,5.5194,5.5194,0.2272,0.5523,1.911,True,1.98
SASDUQ8,eq1_ls,3,50,7.9791,6.2124,6.2124,0.2579,0.4953,13.252,True,2.57
SASDUR8,eq1_ls,3,51,7.0405,5.5713,5.5713,0.1667,0.5418,7.285,False,2.5
SASDUU3,eq1_ls,3,52,6.9213,5.0024,5.0024,0.0069,0.7272,1.945,True,2.15
SASDUW5,eq1_ls,3,53,6.4558,5.1399,5.1399,0.148,0.8072,1.485,False,0.35
SASDUX5,eq1_ls,3,54,5.6635,4.5682,4.5682,0.1173,0.8883,4.691,False,1.53
SASDUY5,eq1_ls,3,55,27.0794,15.0322,15.0322,0.0421,0.1254,3.497,True,4.48
SASDUZ5,eq1_ls,3,56,5.4398,4.2003,4.2003,0.0781,0.7922,2.765,True,1.33
SASDV33,eq1_ls,3,57,5.5086,4.2,4.2,0.2443,0.6238,8.13,False,0.82
SASDV62,eq1_ls,3,58,4.1844,2.8893,2.8893,0.122,0.6143,0.84,True,1.75
SASDV64,eq1_ls,3,59,4.4557,2.9319,2.9319,0.0412,0.5554,0.134,False,0.97
SASDV74,eq1_ls,3,60,4.3304,2.6939,2.6939,0.0875,0.343,1.928,False,3.6
SASDV75,eq1_ls,3,61,7.3992,5.1307,5.1073,0.0369,0.3584,6.507,True,6.4
SASDV85,eq1_ls,3,62,7.4864,5.1456,5.1248,0.0529,0.363,6.055,True,7.15
SASDV95,eq1_ls,3,63,6.7295,4.7287,4.6994,0.0251,0.3518,7.092,True,5.34
SASDVF8,eq1_ls,3,64,7.9161,5.8573,5.8439,0.0554,0.3252,3.395,True,6.65
SASDVF9,eq1_ls,3,65,15.4793,10.4873,10.4873,0.1285,0.5262,10.765,True,2.0
SASDVG6,eq1_ls,3,66,5.1986,4.125,4.125,0.0863,0.8274,0.673,False,2.8
SASDVG8,eq1_ls,3,67,7.734,5.6246,5.5979,0.0514,0.335,2.752,True,6.7
SASDVH8,eq1_ls,3,68,8.1235,5.9326,5.8969,0.055,0.3278,1.46,False,6.42
SASDVJ8,eq1_ls,3,69,5.3869,3.8678,3.8678,0.1031,0.6288,1.746,True,2.48
SASDVK8,eq1_ls,3,70,6.6712,4.6792,4.6792,0.0419,0.5579,1.871,True,1.34
SASDVQ6,eq1_ls,3,71,8.6375,6.7351,6.7351,0.2094,0.2608,11.461,False,6.91
SASDVR6,eq1_ls,3,72,4.7735,3.4902,3.4902,0.1313,0.751,1.359,False,0.75
SASDVT5,eq1_ls,3,73,5.3405,4.1409,4.1409,0.2614,0.4779,4.813,False,0.74
SASDWG8,eq1_ls,3,74,4.4881,2.8728,2.8728,0.0481,0.4703,2.078,True,1.82
SASDWM2,eq1_ls,3,75,8.9723,8.988,8.988,0.3024,0.5267,5.458,False,0.8
SASDWN5,eq1_ls,3,76,4.4245,3.1435,3.1435,0.1595,0.6482,7.551,False,1.29
SASDWP5,eq1_ls,3,77,4.9807,3.5631,3.5631,0.1392,0.6566,8.354,False,0.84
SASDWS6,eq1_ls,3,78,5.2621,3.5688,3.5688,0.0854,0.6127,0.935,False,0.56
SASDWT6,eq1_ls,3,79,5.1358,3.5111,3.5111,0.1469,0.6265,3.022,True,0.91
SASDX24,eq1_ls,3,80,6.146,4.3386,4.3386,0.0253,0.7308,2.034,False,2.81
SASDX64,eq1_ls,3,81,4.048,2.6049,2.6049,0.0108,0.4757,1.653,False,2.92
SASDX74,eq1_ls,3,82,4.2413,2.7278,2.7089,0.0136,0.387,0.5,True,3.13
SASDXB2,eq1_ls,3,83,5.8571,4.1606,4.1606,0.0192,0.4473,3.289,True,1.11
SASDXB7,eq1_ls,3,84,7.959,5.4518,5.3956,0.1281,0.1873,4.678,True,2.72
SASDXC7,eq1_ls,3,85,6.922,6.6648,6.6523,0.2249,0.2787,6.277,False,2.04
SASDXF5,eq1_ls,3,86,6.9655,5.6695,5.6695,0.1471,0.5156,9.325,True,1.92
SASDXF6,eq1_ls,3,87,5.3679,4.332,4.332,0.2004,0.5059,1.437,False,0.96
SASDXH4,eq1_ls,3,88,9.6705,7.3891,7.3891,0.2241,0.7068,11.278,True,1.5
SASDXJ4,eq1_ls,3,89,3.5592,3.1389,3.1389,0.4296,0.7846,1.639,False,0.18
SASDXK4,eq1_ls,3,90,10.1907,6.9566,6.9566,0.0508,0.6656,1.488,False,1.41
SASDXS4,eq1_ls,3,91,6.9198,4.6683,4.6683,0.0076,0.3394,1.687,False,0.54
SASDMV7,atual,30,42,12.7724,8.2799,8.2799,0.0415,0.3911,12.893,True,32.62
SASDPT5,atual,30,43,7.692,5.5421,5.5421,0.0828,0.6183,5.794,False,9.84
SASDTS8,atual,30,44,4.1475,2.9908,2.9908,0.2299,0.4309,1.084,False,10.46
SASDTT8,atual,30,45,9.1817,7.4438,7.4438,0.2196,0.7034,6.56,True,9.37
SASDUD6,atual,30,46,4.9911,3.6536,3.6536,0.1271,0.7703,1.165,False,12.09
SASDUM8,atual,30,47,7.902,6.3744,6.3744,0.254,0.4982,7.976,True,16.79
SASDUN8,atual,30,48,7.4323,5.67,5.67,0.2024,0.5411,10.116,True,15.49
SASDUP8,atual,30,49,7.064,5.5186,5.5186,0.2272,0.5413,1.612,True,18.0
SASDUQ8,atual,30,50,6.8792,5.3733,5.3733,0.2063,0.5478,2.211,True,16.33
SASDUR8,atual,30,51,7.1203,5.525,5.525,0.1687,0.5418,8.906,False,34.81
SASDUU3,atual,30,52,6.9249,4.9904,4.9904,0.0097,0.7282,2.101,True,21.03
SASDUW5,atual,30,53,6.4881,5.1276,5.1276,0.148,0.8072,2.542,False,3.37
SASDUX5,atual,30,54,5.648,4.55,4.55,0.1034,0.8939,3.176,False,3.35
SASDUY5,atual,30,55,27.0706,15.0164,15.0164,0.0421,0.128,4.091,True,37.62
SASDUZ5,atual,30,56,5.399,4.1632,4.1632,0.0781,0.7888,2.138,True,11.11
SASDV33,atual,30,57,5.466,4.05,4.05,0.229,0.6178,9.202,False,6.6
SASDV62,atual,30,58,3.9799,2.7285,2.7285,0.0732,0.6543,0.357,False,15.02
SASDV64,atual,30,59,4.444,2.9156,2.9156,0.037,0.5413,0.213,False,9.4
SASDV74,atual,30,60,4.2697,2.673,2.673,0.05,0.3503,0.589,True,4.77
SASDV75,atual,30,61,7.4138,5.0957,5.0648,0.0316,0.3586,4.171,True,55.3
SASDV85,atual,30,62,7.3987,5.108,5.0883,0.0518,0.3578,5.229,True,52.82
SASDV95,atual,30,63,6.7542,4.7233,4.6859,0.0236,0.3523,5.488,True,48.49
SASDVF8,atual,30,64,7.9019,5.7313,5.7129,0.0507,0.3263,2.074,True,54.49
SASDVF9,atual,30,65,13.815,9.2601,9.2601,0.0247,0.5932,4.412,False,15.1
SASDVG6,atual,30,66,5.1429,4.0623,4.0623,0.0836,0.8327,0.634,False,25.77
SASDVG8,atual,30,67,7.7571,5.6287,5.6014,0.0504,0.3381,1.824,True,59.14
SASDVH8,atual,30,68,8.1258,5.9183,5.8803,0.0547,0.3255,0.984,False,54.87
SASDVJ8,atual,30,69,5.3514,3.8118,3.8118,0.1121,0.6218,2.484,True,17.6
SASDVK8,atual,30,70,6.3352,4.4528,4.4528,0.0538,0.5679,1.289,False,12.45
SASDVQ6,atual,30,71,5.8993,5.0711,5.0711,0.1359,0.5302,9.884,False,27.57
SASDVR6,atual,30,72,4.6701,3.4407,3.4407,0.1145,0.751,1.201,True,5.48
SASDVT5,atual,30,73,5.3367,4.0337,4.0337,0.2278,0.458,4.205,True,7.73
SASDWG8,atual,30,74,4.4798,2.853,2.853,0.0519,0.4774,2.042,False,10.7
SASDWM2,atual,30,75,8.9567,8.333,8.333,0.4024,0.4618,3.411,False,6.37
SASDWN5,atual,30,76,4.4218,3.1439,3.1439,0.1494,0.6519,7.494,False,8.25
SASDWP5,atual,30,77,4.9882,3.5548,3.5548,0.1215,0.6555,8.052,False,7.62
SASDWS6,atual,30,78,5.4095,3.6909,3.6909,0.0854,0.6032,2.277,False,6.77
SASDWT6,atual,30,79,5.1132,3.4672,3.4672,0.1102,0.6319,1.917,False,5.67
SASDX24,atual,30,80,6.1236,4.3025,4.3025,0.0253,0.7197,3.264,True,22.84
SASDX64,atual,30,81,4.0285,2.5949,2.5949,0.0144,0.468,1.568,False,26.41
SASDX74,atual,30,82,4.1829,2.6884,2.6685,0.0214,0.3945,0.233,True,25.3
SASDXB2,atual,30,83,5.7569,4.1605,4.1605,0.0096,0.4576,1.582,False,11.01
SASDXB7,atual,30,84,6.6552,4.3312,4.2933,0.1281,0.2154,2.285,False,22.78
SASDXC7,atual,30,85,6.7873,6.619,6.5953,0.1902,0.2956,7.91,False,25.0
SASDXF5,atual,30,86,6.923,5.6754,5.6754,0.1564,0.5387,7.869,False,15.67
SASDXF6,atual,30,87,5.3692,4.3231,4.3231,0.1994,0.5016,1.222,False,15.01
SASDXH4,atual,30,88,9.811,7.3551,7.3551,0.235,0.6797,7.45,True,20.05
SASDXJ4,atual,30,89,3.3765,2.8867,2.8867,0.437,0.7846,1.162,False,1.98
SASDXK4,atual,30,90,10.1004,6.8936,6.8936,0.0447,0.6623,1.983,True,13.22
SASDXS4,atual,30,91,6.7281,4.596,4.596,0.0127,0.3357,2.37,False,5.12
SASDMV7,eq1_irls,30,42,12.2353,7.7047,7.7047,0.0645,0.4279,9.267,True,32.34
SASDPT5,eq1_irls,30,43,7.9486,5.7747,5.7747,0.0813,0.5891,7.6,False,10.31
SASDTS8,eq1_irls,30,44,4.2008,3.0135,3.0135,0.2263,0.4412,1.113,False,15.77
SASDTT8,eq1_irls,30,45,9.2087,7.568,7.568,0.1915,0.7402,4.038,True,12.23
SASDUD6,eq1_irls,30,46,4.9812,3.6395,3.6395,0.1104,0.7747,0.901,False,10.16
SASDUM8,eq1_irls,30,47,8.146,6.4284,6.4284,0.2659,0.4813,3.611,True,20.45
SASDUN8,eq1_irls,30,48,7.3894,5.6325,5.6325,0.2153,0.5428,10.564,True,19.78
SASDUP8,eq1_irls,30,49,7.172,5.5778,5.5778,0.245,0.525,5.685,True,23.25
SASDUQ8,eq1_irls,30,50,6.8795,5.42,5.42,0.2202,0.5525,0.856,True,20.99
SASDUR8,eq1_irls,30,51,7.029,5.6007,5.6007,0.1657,0.5489,7.346,False,27.1
SASDUU3,eq1_irls,30,52,7.2669,5.216,5.216,0.0104,0.7097,2.007,False,18.15
SASDUW5,eq1_irls,30,53,6.362,5.1457,5.1457,0.1571,0.8193,8.26,False,5.67
SASDUX5,eq1_irls,30,54,5.8713,4.7575,4.7575,0.1676,0.8547,1.36,False,3.66
SASDUY5,eq1_irls,30,55,27.0459,14.981,14.981,0.0363,0.1324,3.068,True,42.83
SASDUZ5,eq1_irls,30,56,5.4999,4.2651,4.2651,0.0917,0.7799,3.346,True,14.44
SASDV33,eq1_irls,30,57,5.5208,4.1453,4.1453,0.2392,0.6214,7.934,False,9.14
SASDV62,eq1_irls,30,58,4.0916,2.8142,2.8142,0.0871,0.6326,3.169,True,19.49
SASDV64,eq1_irls,30,59,4.4816,2.9363,2.9363,0.0453,0.5476,0.984,False,9.55
SASDV74,eq1_irls,30,60,4.2673,2.6656,2.6656,0.05,0.3545,0.472,True,4.88
SASDV75,eq1_irls,30,61,8.1174,5.7677,5.7467,0.0628,0.4074,13.549,True,70.65
SASDV85,eq1_irls,30,62,7.827,5.4621,5.4533,0.0742,0.4127,12.924,False,73.34
SASDV95,eq1_irls,30,63,7.5428,5.375,5.326,0.0799,0.4691,17.753,False,47.81
SASDVF8,eq1_irls,30,64,7.7017,5.7359,5.7229,0.0543,0.4353,6.636,True,66.9
SASDVF9,eq1_irls,30,65,13.8189,9.245,9.245,0.0161,0.5971,3.731,False,17.24
SASDVG6,eq1_irls,30,66,5.1871,4.1134,4.1134,0.085,0.8287,1.13,False,28.2
SASDVG8,eq1_irls,30,67,7.8034,5.7373,5.7179,0.0568,0.3324,3.951,False,58.8
SASDVH8,eq1_irls,30,68,8.1575,5.9406,5.8901,0.054,0.3333,2.536,True,61.68
SASDVJ8,eq1_irls,30,69,5.3857,3.933,3.933,0.1076,0.6337,0.802,False,14.89
SASDVK8,eq1_irls,30,70,6.396,4.4843,4.4843,0.0553,0.5679,1.165,False,16.24
SASDVQ6,eq1_irls,30,71,8.2499,7.1151,7.1151,0.2996,0.462,12.752,True,37.63
SASDVR6,eq1_irls,30,72,4.64,3.3999,3.3999,0.1077,0.7665,1.97,True,7.04
SASDVT5,eq1_irls,30,73,5.2906,4.0167,4.0167,0.2398,0.4802,5.279,True,14.86
SASDWG8,eq1_irls,30,74,4.5046,2.8911,2.8911,0.0556,0.4648,2.051,True,12.24
SASDWM2,eq1_irls,30,75,8.1232,8.0745,8.0745,0.3951,0.5439,15.143,False,7.81
SASDWN5,eq1_irls,30,76,4.4248,3.1291,3.1291,0.1519,0.6642,7.247,False,8.42
SASDWP5,eq1_irls,30,77,4.9746,3.534,3.534,0.1266,0.6644,8.269,False,7.35
SASDWS6,eq1_irls,30,78,5.2517,3.5185,3.5185,0.1057,0.6491,2.979,False,6.24
SASDWT6,eq1_irls,30,79,4.9861,3.3356,3.3356,0.1224,0.6401,1.579,False,6.18
SASDX24,eq1_irls,30,80,6.1308,4.3254,4.3254,0.0231,0.7248,1.172,False,26.25
SASDX64,eq1_irls,30,81,4.0307,2.6001,2.6001,0.0235,0.474,1.095,False,22.74
SASDX74,eq1_irls,30,82,4.4132,2.8341,2.8131,0.0466,0.3826,4.463,True,25.96
SASDXB2,eq1_irls,30,83,5.7477,4.1047,4.1047,0.012,0.4756,2.698,False,7.73
SASDXB7,eq1_irls,30,84,6.6304,4.2305,4.1868,0.1281,0.2112,3.065,True,23.03
SASDXC7,eq1_irls,30,85,6.7127,6.5995,6.576,0.1963,0.2965,9.54,False,20.48
SASDXF5,eq1_irls,30,86,6.1466,5.4395,5.4395,0.1484,0.5322,9.924,False,18.32
SASDXF6,eq1_irls,30,87,5.3444,4.3142,4.3142,0.1919,0.5134,1.478,False,11.03
SASDXH4,eq1_irls,30,88,9.8081,7.4016,7.4016,0.2051,0.6986,13.256,True,15.61
SASDXJ4,eq1_irls,30,89,3.3234,2.8907,2.8907,0.4296,0.8154,1.705,False,1.83
SASDXK4,eq1_irls,30,90,10.1537,6.9292,6.9292,0.0528,0.6612,3.777,True,13.61
SASDXS4,eq1_irls,30,91,6.7725,4.5794,4.5794,0.0153,0.3297,3.26,False,5.34
SASDMV7,eq1_ls,30,42,12.3693,7.8838,7.8838,0.0516,0.4153,10.555,True,31.23
SASDPT5,eq1_ls,30,43,7.6746,5.6459,5.6459,0.1039,0.612,5.151,False,12.78
SASDTS8,eq1_ls,30,44,4.1412,2.9731,2.9731,0.2263,0.4373,0.717,False,14.16
SASDTT8,eq1_ls,30,45,8.934,7.5899,7.5899,0.2111,0.7108,8.267,True,14.07
SASDUD6,eq1_ls,30,46,4.9893,3.6482,3.6482,0.1229,0.7762,1.848,False,8.47
SASDUM8,eq1_ls,30,47,7.6739,6.2883,6.2883,0.2321,0.5204,12.108,True,20.62
SASDUN8,eq1_ls,30,48,7.3979,5.6697,5.6697,0.2153,0.5358,11.098,True,21.82
SASDUP8,eq1_ls,30,49,7.0406,5.5001,5.5001,0.2272,0.5448,1.222,True,19.26
SASDUQ8,eq1_ls,30,50,6.8862,5.4282,5.4282,0.2093,0.5525,1.781,True,18.41
SASDUR8,eq1_ls,30,51,7.0272,5.5434,5.5434,0.1667,0.5501,8.176,False,20.37
SASDUU3,eq1_ls,30,52,6.9213,5.0024,5.0024,0.0069,0.7272,1.945,True,19.36
SASDUW5,eq1_ls,30,53,6.3938,5.2009,5.2009,0.1601,0.8253,9.187,False,3.52
SASDUX5,eq1_ls,30,54,5.6167,4.5572,4.5572,0.1173,0.8939,2.828,False,4.01
SASDUY5,eq1_ls,30,55,27.0545,14.9951,14.9951,0.0392,0.1305,3.711,True,41.52
SASDUZ5,eq1_ls,30,56,5.3952,4.1653,4.1653,0.0802,0.7888,2.388,True,16.67
SASDV33,eq1_ls,30,57,5.4566,4.0596,4.0596,0.2265,0.6238,9.073,False,8.68
SASDV62,eq1_ls,30,58,3.9819,2.7229,2.7229,0.0697,0.6478,0.98,True,17.49
SASDV64,eq1_ls,30,59,4.4518,2.9219,2.9219,0.037,0.5421,0.357,True,8.8
SASDV74,eq1_ls,30,60,4.2627,2.6732,2.6732,0.05,0.3514,0.84,True,5.82
SASDV75,eq1_ls,30,61,7.3753,5.1178,5.0921,0.0373,0.3594,6.151,True,64.65
SASDV85,eq1_ls,30,62,7.3675,5.1057,5.0881,0.051,0.3537,6.149,True,70.73
SASDV95,eq1_ls,30,63,6.6129,4.676,4.6443,0.024,0.3468,7.619,True,49.47
SASDVF8,eq1_ls,30,64,7.7712,5.6887,5.669,0.0471,0.3276,2.749,True,67.36
SASDVF9,eq1_ls,30,65,13.77,9.2473,9.2473,0.0218,0.5997,4.649,False,21.96
SASDVG6,eq1_ls,30,66,5.1427,4.0605,4.0605,0.081,0.8373,1.003,False,30.35
SASDVG8,eq1_ls,30,67,7.6885,5.5758,5.5517,0.0518,0.3387,1.818,True,70.6
SASDVH8,eq1_ls,30,68,8.0956,5.8979,5.861,0.0558,0.3299,1.708,False,73.82
SASDVJ8,eq1_ls,30,69,5.3548,3.8259,3.8259,0.1091,0.6283,2.283,False,16.53
SASDVK8,eq1_ls,30,70,6.3219,4.4339,4.4339,0.0523,0.5651,1.262,False,17.38
SASDVQ6,eq1_ls,30,71,5.7778,4.9349,4.9349,0.0839,0.5581,7.968,False,32.55
SASDVR6,eq1_ls,30,72,4.6614,3.4301,3.4301,0.1077,0.751,1.473,True,4.83
SASDVT5,eq1_ls,30,73,5.3405,4.1409,4.1409,0.2614,0.4779,4.813,False,10.83
SASDWG8,eq1_ls,30,74,4.4819,2.8854,2.8854,0.0519,0.4752,1.891,True,14.14
SASDWM2,eq1_ls,30,75,8.2361,7.9506,7.9506,0.3927,0.5134,10.268,False,6.34
SASDWN5,eq1_ls,30,76,4.4158,3.1393,3.1393,0.1519,0.6595,7.527,False,10.48
SASDWP5,eq1_ls,30,77,4.9741,3.5409,3.5409,0.1291,0.6611,8.525,False,11.31
SASDWS6,eq1_ls,30,78,5.2587,3.5693,3.5693,0.0894,0.61,0.869,False,6.75
SASDWT6,eq1_ls,30,79,5.0183,3.367,3.367,0.1061,0.6265,0.488,False,10.81
SASDX24,eq1_ls,30,80,6.1359,4.3123,4.3123,0.0242,0.7165,3.295,True,33.36
SASDX64,eq1_ls,30,81,4.0148,2.5873,2.5873,0.0162,0.4705,1.219,False,25.48
SASDX74,eq1_ls,30,82,4.1778,2.6837,2.6661,0.0136,0.3958,0.147,True,28.34
SASDXB2,eq1_ls,30,83,5.7393,4.1518,4.1518,0.0072,0.4717,1.949,False,9.71
SASDXB7,eq1_ls,30,84,6.6378,4.2554,4.2145,0.1198,0.2038,2.542,True,26.52
SASDXC7,eq1_ls,30,85,6.9088,6.6285,6.611,0.2086,0.2867,6.19,False,25.75
SASDXF5,eq1_ls,30,86,6.583,5.6172,5.6172,0.135,0.5387,9.269,False,18.9
SASDXF6,eq1_ls,30,87,5.3679,4.332,4.332,0.2004,0.5059,1.437,False,12.99
SASDXH4,eq1_ls,30,88,9.6599,7.3527,7.3527,0.2189,0.7,11.561,True,18.92
SASDXJ4,eq1_ls,30,89,3.366,2.919,2.919,0.4444,0.8077,1.279,False,2.24
SASDXK4,eq1_ls,30,90,10.092,6.8884,6.8884,0.0461,0.6678,2.178,True,14.8
SASDXS4,eq1_ls,30,91,6.709,4.5897,4.5897,0.0153,0.3466,1.695,False,5.65
