parte,entry,inicializacao,restarts,seed,chamfer_envfull,espelhado,trial,rmsd,sucesso
A_benchmark,SASDMV7,pca,4,42,8.307,1,,,
A_benchmark,SASDPT5,pca,4,43,5.516,0,,,
A_benchmark,SASDTS8,pca,4,44,2.9906,0,,,
A_benchmark,SASDTT8,pca,4,45,7.5902,0,,,
A_benchmark,SASDUD6,pca,4,46,3.6702,0,,,
A_benchmark,SASDUM8,pca,4,47,6.3742,1,,,
A_benchmark,SASDUN8,pca,4,48,5.6686,1,,,
A_benchmark,SASDUP8,pca,4,49,5.5264,1,,,
A_benchmark,SASDUQ8,pca,4,50,5.3725,1,,,
A_benchmark,SASDUR8,pca,4,51,5.5295,0,,,
A_benchmark,SASDUU3,pca,4,52,4.9851,1,,,
A_benchmark,SASDUW5,pca,4,53,5.1327,0,,,
A_benchmark,SASDUX5,pca,4,54,4.5258,0,,,
A_benchmark,SASDUY5,pca,4,55,15.0185,1,,,
A_benchmark,SASDUZ5,pca,4,56,4.1902,1,,,
A_benchmark,SASDV33,pca,4,57,4.0528,0,,,
A_benchmark,SASDV62,pca,4,58,2.7197,0,,,
A_benchmark,SASDV64,pca,4,59,2.9444,0,,,
A_benchmark,SASDV74,pca,4,60,2.6945,0,,,
A_benchmark,SASDV75,pca,4,61,5.0773,1,,,
A_benchmark,SASDV85,pca,4,62,5.0898,1,,,
A_benchmark,SASDV95,pca,4,63,4.7023,1,,,
A_benchmark,SASDVF8,pca,4,64,5.7054,1,,,
A_benchmark,SASDVF9,pca,4,65,9.2383,0,,,
A_benchmark,SASDVG6,pca,4,66,4.0876,0,,,
A_benchmark,SASDVG8,pca,4,67,5.6043,1,,,
A_benchmark,SASDVH8,pca,4,68,5.8649,1,,,
A_benchmark,SASDVJ8,pca,4,69,3.8148,0,,,
A_benchmark,SASDVK8,pca,4,70,4.4225,0,,,
A_benchmark,SASDVQ6,pca,4,71,5.1099,0,,,
A_benchmark,SASDVR6,pca,4,72,3.4507,1,,,
A_benchmark,SASDVT5,pca,4,73,4.1701,0,,,
A_benchmark,SASDWG8,pca,4,74,2.8778,1,,,
A_benchmark,SASDWM2,pca,4,75,8.3747,0,,,
A_benchmark,SASDWN5,pca,4,76,3.1432,0,,,
A_benchmark,SASDWP5,pca,4,77,3.5538,0,,,
A_benchmark,SASDWS6,pca,4,78,3.5935,0,,,
A_benchmark,SASDWT6,pca,4,79,3.5142,1,,,
A_benchmark,SASDX24,pca,4,80,4.3046,1,,,
A_benchmark,SASDX64,pca,4,81,2.5942,0,,,
A_benchmark,SASDX74,pca,4,82,2.6682,1,,,
A_benchmark,SASDXB2,pca,4,83,4.1668,0,,,
A_benchmark,SASDXB7,pca,4,84,4.2959,0,,,
A_benchmark,SASDXC7,pca,4,85,6.9164,0,,,
A_benchmark,SASDXF5,pca,4,86,5.8352,1,,,
A_benchmark,SASDXF6,pca,4,87,4.3365,0,,,
A_benchmark,SASDXH4,pca,4,88,7.4205,1,,,
A_benchmark,SASDXJ4,pca,4,89,2.9164,0,,,
A_benchmark,SASDXK4,pca,4,90,6.8979,1,,,
A_benchmark,SASDXS4,pca,4,91,4.6647,0,,,
A_benchmark,SASDMV7,pca,10,42,8.2848,1,,,
A_benchmark,SASDPT5,pca,10,43,5.516,0,,,
A_benchmark,SASDTS8,pca,10,44,2.9906,0,,,
A_benchmark,SASDTT8,pca,10,45,7.5902,0,,,
A_benchmark,SASDUD6,pca,10,46,3.6702,0,,,
A_benchmark,SASDUM8,pca,10,47,6.3742,1,,,
A_benchmark,SASDUN8,pca,10,48,5.6686,1,,,
A_benchmark,SASDUP8,pca,10,49,5.5264,1,,,
A_benchmark,SASDUQ8,pca,10,50,5.3725,1,,,
A_benchmark,SASDUR8,pca,10,51,5.5294,0,,,
A_benchmark,SASDUU3,pca,10,52,4.9851,1,,,
A_benchmark,SASDUW5,pca,10,53,5.1276,0,,,
A_benchmark,SASDUX5,pca,10,54,4.5258,0,,,
A_benchmark,SASDUY5,pca,10,55,15.052,1,,,
A_benchmark,SASDUZ5,pca,10,56,4.1752,1,,,
A_benchmark,SASDV33,pca,10,57,4.0528,0,,,
A_benchmark,SASDV62,pca,10,58,2.7197,0,,,
A_benchmark,SASDV64,pca,10,59,2.9215,1,,,
A_benchmark,SASDV74,pca,10,60,2.6945,0,,,
A_benchmark,SASDV75,pca,10,61,5.0773,1,,,
A_benchmark,SASDV85,pca,10,62,5.0824,1,,,
A_benchmark,SASDV95,pca,10,63,4.6974,1,,,
A_benchmark,SASDVF8,pca,10,64,5.7138,1,,,
A_benchmark,SASDVF9,pca,10,65,9.2383,0,,,
A_benchmark,SASDVG6,pca,10,66,4.0839,0,,,
A_benchmark,SASDVG8,pca,10,67,5.6043,1,,,
A_benchmark,SASDVH8,pca,10,68,5.8649,1,,,
A_benchmark,SASDVJ8,pca,10,69,3.8148,0,,,
A_benchmark,SASDVK8,pca,10,70,4.4225,0,,,
A_benchmark,SASDVQ6,pca,10,71,5.1099,0,,,
A_benchmark,SASDVR6,pca,10,72,3.4411,1,,,
A_benchmark,SASDVT5,pca,10,73,4.1003,1,,,
A_benchmark,SASDWG8,pca,10,74,2.8802,1,,,
A_benchmark,SASDWM2,pca,10,75,8.2681,0,,,
A_benchmark,SASDWN5,pca,10,76,3.1432,0,,,
A_benchmark,SASDWP5,pca,10,77,3.5548,0,,,
A_benchmark,SASDWS6,pca,10,78,3.5935,0,,,
A_benchmark,SASDWT6,pca,10,79,3.502,1,,,
A_benchmark,SASDX24,pca,10,80,4.3046,1,,,
A_benchmark,SASDX64,pca,10,81,2.5942,0,,,
A_benchmark,SASDX74,pca,10,82,2.6724,1,,,
A_benchmark,SASDXB2,pca,10,83,4.1668,0,,,
A_benchmark,SASDXB7,pca,10,84,4.2401,1,,,
A_benchmark,SASDXC7,pca,10,85,6.5953,0,,,
A_benchmark,SASDXF5,pca,10,86,5.6754,0,,,
A_benchmark,SASDXF6,pca,10,87,4.3365,0,,,
A_benchmark,SASDXH4,pca,10,88,7.4205,1,,,
A_benchmark,SASDXJ4,pca,10,89,2.9164,0,,,
A_benchmark,SASDXK4,pca,10,90,6.8979,1,,,
A_benchmark,SASDXS4,pca,10,91,4.6557,1,,,
A_benchmark,SASDMV7,pca,30,42,8.2827,1,,,
A_benchmark,SASDPT5,pca,30,43,5.516,0,,,
A_benchmark,SASDTS8,pca,30,44,2.9894,0,,,
A_benchmark,SASDTT8,pca,30,45,7.4438,1,,,
A_benchmark,SASDUD6,pca,30,46,3.6702,0,,,
A_benchmark,SASDUM8,pca,30,47,6.3742,1,,,
A_benchmark,SASDUN8,pca,30,48,5.6686,1,,,
A_benchmark,SASDUP8,pca,30,49,5.519,1,,,
A_benchmark,SASDUQ8,pca,30,50,5.3725,1,,,
A_benchmark,SASDUR8,pca,30,51,5.525,0,,,
A_benchmark,SASDUU3,pca,30,52,4.9851,1,,,
A_benchmark,SASDUW5,pca,30,53,5.1276,0,,,
A_benchmark,SASDUX5,pca,30,54,4.5258,0,,,
A_benchmark,SASDUY5,pca,30,55,15.0164,1,,,
A_benchmark,SASDUZ5,pca,30,56,4.1632,1,,,
A_benchmark,SASDV33,pca,30,57,4.0525,0,,,
A_benchmark,SASDV62,pca,30,58,2.7197,0,,,
A_benchmark,SASDV64,pca,30,59,2.9122,0,,,
A_benchmark,SASDV74,pca,30,60,2.673,1,,,
A_benchmark,SASDV75,pca,30,61,5.0648,1,,,
A_benchmark,SASDV85,pca,30,62,5.0879,1,,,
A_benchmark,SASDV95,pca,30,63,4.6859,1,,,
A_benchmark,SASDVF8,pca,30,64,5.7054,1,,,
A_benchmark,SASDVF9,pca,30,65,9.2601,0,,,
A_benchmark,SASDVG6,pca,30,66,4.0623,0,,,
A_benchmark,SASDVG8,pca,30,67,5.6043,1,,,
A_benchmark,SASDVH8,pca,30,68,5.8803,0,,,
A_benchmark,SASDVJ8,pca,30,69,3.8148,0,,,
A_benchmark,SASDVK8,pca,30,70,4.4225,0,,,
A_benchmark,SASDVQ6,pca,30,71,5.0711,0,,,
A_benchmark,SASDVR6,pca,30,72,3.4407,1,,,
A_benchmark,SASDVT5,pca,30,73,4.0337,1,,,
A_benchmark,SASDWG8,pca,30,74,2.853,0,,,
A_benchmark,SASDWM2,pca,30,75,8.333,0,,,
A_benchmark,SASDWN5,pca,30,76,3.1439,0,,,
A_benchmark,SASDWP5,pca,30,77,3.5548,0,,,
A_benchmark,SASDWS6,pca,30,78,3.5935,0,,,
A_benchmark,SASDWT6,pca,30,79,3.4914,0,,,
A_benchmark,SASDX24,pca,30,80,4.3046,1,,,
A_benchmark,SASDX64,pca,30,81,2.5942,0,,,
A_benchmark,SASDX74,pca,30,82,2.6682,1,,,
A_benchmark,SASDXB2,pca,30,83,4.1605,0,,,
A_benchmark,SASDXB7,pca,30,84,4.2933,0,,,
A_benchmark,SASDXC7,pca,30,85,6.5953,0,,,
A_benchmark,SASDXF5,pca,30,86,5.6754,0,,,
A_benchmark,SASDXF6,pca,30,87,4.3365,0,,,
A_benchmark,SASDXH4,pca,30,88,7.3551,1,,,
A_benchmark,SASDXJ4,pca,30,89,2.8867,0,,,
A_benchmark,SASDXK4,pca,30,90,6.8937,1,,,
A_benchmark,SASDXS4,pca,30,91,4.596,0,,,
B_ground_truth,SASDPT5,atual,3,1657019389,,1,0.0,68.586,0.0
B_ground_truth,SASDPT5,atual,3,1702136754,,0,1.0,10.836,0.0
B_ground_truth,SASDPT5,atual,3,270563149,,0,2.0,12.102,0.0
B_ground_truth,SASDPT5,atual,3,707229513,,1,3.0,38.557,0.0
B_ground_truth,SASDPT5,atual,30,1657019389,,1,0.0,21.451,0.0
B_ground_truth,SASDPT5,atual,30,1702136754,,0,1.0,10.523,0.0
B_ground_truth,SASDPT5,atual,30,270563149,,0,2.0,12.102,0.0
B_ground_truth,SASDPT5,atual,30,707229513,,0,3.0,11.229,0.0
B_ground_truth,SASDPT5,pca,4,1657019389,,0,0.0,11.12,0.0
B_ground_truth,SASDPT5,pca,4,1702136754,,0,1.0,11.12,0.0
B_ground_truth,SASDPT5,pca,4,270563149,,0,2.0,11.12,0.0
B_ground_truth,SASDPT5,pca,4,707229513,,0,3.0,11.12,0.0
B_ground_truth,SASDPT5,pca,30,1657019389,,0,0.0,11.12,0.0
B_ground_truth,SASDPT5,pca,30,1702136754,,0,1.0,10.523,0.0
B_ground_truth,SASDPT5,pca,30,270563149,,0,2.0,12.102,0.0
B_ground_truth,SASDPT5,pca,30,707229513,,0,3.0,11.12,0.0
B_ground_truth,SASDTS8,atual,3,1769667598,,0,0.0,26.368,0.0
B_ground_truth,SASDTS8,atual,3,1515964055,,0,1.0,8.709,0.0
B_ground_truth,SASDTS8,atual,3,1336277507,,1,2.0,18.696,0.0
B_ground_truth,SASDTS8,atual,3,814720098,,0,3.0,33.481,0.0
B_ground_truth,SASDTS8,atual,30,1769667598,,1,0.0,17.728,0.0
B_ground_truth,SASDTS8,atual,30,1515964055,,1,1.0,17.739,0.0
B_ground_truth,SASDTS8,atual,30,1336277507,,1,2.0,30.015,0.0
B_ground_truth,SASDTS8,atual,30,814720098,,1,3.0,28.689,0.0
B_ground_truth,SASDTS8,pca,4,1769667598,,1,0.0,28.702,0.0
B_ground_truth,SASDTS8,pca,4,1515964055,,1,1.0,28.702,0.0
B_ground_truth,SASDTS8,pca,4,1336277507,,1,2.0,28.702,0.0
B_ground_truth,SASDTS8,pca,4,814720098,,1,3.0,28.702,0.0
B_ground_truth,SASDTS8,pca,30,1769667598,,0,0.0,34.307,0.0
B_ground_truth,SASDTS8,pca,30,1515964055,,1,1.0,28.717,0.0
B_ground_truth,SASDTS8,pca,30,1336277507,,1,2.0,30.015,0.0
B_ground_truth,SASDTS8,pca,30,814720098,,1,3.0,28.689,0.0
B_ground_truth,SASDUD6,atual,3,1562424174,,1,0.0,24.319,0.0
B_ground_truth,SASDUD6,atual,3,405544933,,0,1.0,6.533,0.0
B_ground_truth,SASDUD6,atual,3,1716307658,,1,2.0,24.292,0.0
B_ground_truth,SASDUD6,atual,3,1440618124,,0,3.0,43.179,0.0
B_ground_truth,SASDUD6,atual,30,1562424174,,0,0.0,5.786,0.0
B_ground_truth,SASDUD6,atual,30,405544933,,0,1.0,5.626,0.0
B_ground_truth,SASDUD6,atual,30,1716307658,,0,2.0,6.179,0.0
B_ground_truth,SASDUD6,atual,30,1440618124,,0,3.0,6.155,0.0
B_ground_truth,SASDUD6,pca,4,1562424174,,0,0.0,5.617,0.0
B_ground_truth,SASDUD6,pca,4,405544933,,0,1.0,5.617,0.0
B_ground_truth,SASDUD6,pca,4,1716307658,,0,2.0,5.617,0.0
B_ground_truth,SASDUD6,pca,4,1440618124,,0,3.0,5.617,0.0
B_ground_truth,SASDUD6,pca,30,1562424174,,0,0.0,5.617,0.0
B_ground_truth,SASDUD6,pca,30,405544933,,0,1.0,5.626,0.0
B_ground_truth,SASDUD6,pca,30,1716307658,,0,2.0,6.179,0.0
B_ground_truth,SASDUD6,pca,30,1440618124,,0,3.0,6.155,0.0
B_ground_truth,SASDUN8,atual,3,12127363,,0,0.0,12.994,0.0
B_ground_truth,SASDUN8,atual,3,219768354,,0,1.0,44.999,0.0
B_ground_truth,SASDUN8,atual,3,49566354,,0,2.0,12.792,0.0
B_ground_truth,SASDUN8,atual,3,14973627,,0,3.0,13.409,0.0
B_ground_truth,SASDUN8,atual,30,12127363,,0,0.0,13.554,0.0
B_ground_truth,SASDUN8,atual,30,219768354,,0,1.0,8.732,0.0
B_ground_truth,SASDUN8,atual,30,49566354,,0,2.0,13.182,0.0
B_ground_truth,SASDUN8,atual,30,14973627,,0,3.0,13.409,0.0
B_ground_truth,SASDUN8,pca,4,12127363,,0,0.0,8.735,0.0
B_ground_truth,SASDUN8,pca,4,219768354,,0,1.0,8.735,0.0
B_ground_truth,SASDUN8,pca,4,49566354,,0,2.0,8.735,0.0
B_ground_truth,SASDUN8,pca,4,14973627,,0,3.0,8.735,0.0
B_ground_truth,SASDUN8,pca,30,12127363,,0,0.0,13.554,0.0
B_ground_truth,SASDUN8,pca,30,219768354,,0,1.0,8.735,0.0
B_ground_truth,SASDUN8,pca,30,49566354,,0,2.0,13.182,0.0
B_ground_truth,SASDUN8,pca,30,14973627,,0,3.0,13.409,0.0
B_ground_truth,SASDUX5,atual,3,920023486,,0,0.0,2.582,1.0
B_ground_truth,SASDUX5,atual,3,21413422,,0,1.0,44.371,0.0
B_ground_truth,SASDUX5,atual,3,1398543488,,1,2.0,23.523,0.0
B_ground_truth,SASDUX5,atual,3,780623950,,1,3.0,49.706,0.0
B_ground_truth,SASDUX5,atual,30,920023486,,0,0.0,2.791,1.0
B_ground_truth,SASDUX5,atual,30,21413422,,0,1.0,2.563,1.0
B_ground_truth,SASDUX5,atual,30,1398543488,,0,2.0,2.477,1.0
B_ground_truth,SASDUX5,atual,30,780623950,,0,3.0,2.331,1.0
B_ground_truth,SASDUX5,pca,4,920023486,,0,0.0,1.661,1.0
B_ground_truth,SASDUX5,pca,4,21413422,,0,1.0,1.661,1.0
B_ground_truth,SASDUX5,pca,4,1398543488,,0,2.0,1.661,1.0
B_ground_truth,SASDUX5,pca,4,780623950,,0,3.0,1.661,1.0
B_ground_truth,SASDUX5,pca,30,920023486,,0,0.0,1.661,1.0
B_ground_truth,SASDUX5,pca,30,21413422,,0,1.0,1.661,1.0
B_ground_truth,SASDUX5,pca,30,1398543488,,0,2.0,1.661,1.0
B_ground_truth,SASDUX5,pca,30,780623950,,0,3.0,1.661,1.0
B_ground_truth,SASDV62,atual,3,722578569,,1,0.0,46.959,0.0
B_ground_truth,SASDV62,atual,3,390253825,,1,1.0,24.433,0.0
B_ground_truth,SASDV62,atual,3,1654615715,,1,2.0,24.507,0.0
B_ground_truth,SASDV62,atual,3,1352305915,,1,3.0,25.49,0.0
B_ground_truth,SASDV62,atual,30,722578569,,1,0.0,24.615,0.0
B_ground_truth,SASDV62,atual,30,390253825,,0,1.0,40.176,0.0
B_ground_truth,SASDV62,atual,30,1654615715,,0,2.0,40.366,0.0
B_ground_truth,SASDV62,atual,30,1352305915,,0,3.0,31.183,0.0
B_ground_truth,SASDV62,pca,4,722578569,,1,0.0,24.11,0.0
B_ground_truth,SASDV62,pca,4,390253825,,1,1.0,24.11,0.0
B_ground_truth,SASDV62,pca,4,1654615715,,1,2.0,24.11,0.0
B_ground_truth,SASDV62,pca,4,1352305915,,1,3.0,24.11,0.0
B_ground_truth,SASDV62,pca,30,722578569,,1,0.0,24.615,0.0
B_ground_truth,SASDV62,pca,30,390253825,,0,1.0,40.176,0.0
B_ground_truth,SASDV62,pca,30,1654615715,,0,2.0,40.366,0.0
B_ground_truth,SASDV62,pca,30,1352305915,,0,3.0,31.183,0.0
B_ground_truth,SASDVK8,atual,3,27247705,,1,0.0,42.195,0.0
B_ground_truth,SASDVK8,atual,3,627878698,,0,1.0,18.404,0.0
B_ground_truth,SASDVK8,atual,3,223376107,,0,2.0,37.926,0.0
B_ground_truth,SASDVK8,atual,3,1480133102,,0,3.0,18.023,0.0
B_ground_truth,SASDVK8,atual,30,27247705,,0,0.0,15.699,0.0
B_ground_truth,SASDVK8,atual,30,627878698,,0,1.0,18.404,0.0
B_ground_truth,SASDVK8,atual,30,223376107,,1,2.0,31.616,0.0
B_ground_truth,SASDVK8,atual,30,1480133102,,0,3.0,18.023,0.0
B_ground_truth,SASDVK8,pca,4,27247705,,1,0.0,31.424,0.0
B_ground_truth,SASDVK8,pca,4,627878698,,1,1.0,31.424,0.0
B_ground_truth,SASDVK8,pca,4,223376107,,1,2.0,31.424,0.0
B_ground_truth,SASDVK8,pca,4,1480133102,,1,3.0,31.424,0.0
B_ground_truth,SASDVK8,pca,30,27247705,,0,0.0,15.699,0.0
B_ground_truth,SASDVK8,pca,30,627878698,,0,1.0,16.239,0.0
B_ground_truth,SASDVK8,pca,30,223376107,,1,2.0,31.616,0.0
B_ground_truth,SASDVK8,pca,30,1480133102,,0,3.0,18.023,0.0
B_ground_truth,SASDWG8,atual,3,445472303,,0,0.0,6.531,0.0
B_ground_truth,SASDWG8,atual,3,585880024,,1,1.0,16.492,0.0
B_ground_truth,SASDWG8,atual,3,839931124,,0,2.0,8.187,0.0
B_ground_truth,SASDWG8,atual,3,418199757,,1,3.0,16.295,0.0
B_ground_truth,SASDWG8,atual,30,445472303,,1,0.0,24.67,0.0
B_ground_truth,SASDWG8,atual,30,585880024,,1,1.0,15.589,0.0
B_ground_truth,SASDWG8,atual,30,839931124,,0,2.0,1.257,1.0
B_ground_truth,SASDWG8,atual,30,418199757,,0,3.0,28.864,0.0
B_ground_truth,SASDWG8,pca,4,445472303,,0,0.0,1.129,1.0
B_ground_truth,SASDWG8,pca,4,585880024,,0,1.0,1.129,1.0
B_ground_truth,SASDWG8,pca,4,839931124,,0,2.0,1.129,1.0
B_ground_truth,SASDWG8,pca,4,418199757,,0,3.0,1.129,1.0
B_ground_truth,SASDWG8,pca,30,445472303,,1,0.0,24.67,0.0
B_ground_truth,SASDWG8,pca,30,585880024,,1,1.0,15.589,0.0
B_ground_truth,SASDWG8,pca,30,839931124,,0,2.0,1.129,1.0
B_ground_truth,SASDWG8,pca,30,418199757,,0,3.0,1.129,1.0
