entry,seed,inicializacao,restarts,rmsd,sucesso,espelhado,custo_achado,custo_verdadeiro
SASDMV7,0,atual,3,0.194,1,0,3.50129,3.50271
SASDMV7,0,atual,4,0.194,1,0,3.50129,3.50271
SASDMV7,0,atual,10,0.194,1,0,3.50129,3.50271
SASDMV7,0,atual,30,0.194,1,0,3.50129,3.50271
SASDMV7,0,pca,4,0.077,1,0,3.50196,3.50271
SASDMV7,0,pca,10,0.077,1,0,3.50196,3.50271
SASDMV7,0,pca,30,0.107,1,0,3.50153,3.50271
SASDMV7,1,atual,3,0.104,1,0,3.50157,3.50271
SASDMV7,1,atual,4,0.104,1,0,3.50157,3.50271
SASDMV7,1,atual,10,0.165,1,0,3.50132,3.50271
SASDMV7,1,atual,30,0.165,1,0,3.50132,3.50271
SASDMV7,1,pca,4,0.077,1,0,3.50196,3.50271
SASDMV7,1,pca,10,0.104,1,0,3.50157,3.50271
SASDMV7,1,pca,30,0.165,1,0,3.50132,3.50271
SASDMV7,2,atual,3,98.883,0,0,5.50186,3.50271
SASDMV7,2,atual,4,98.883,0,0,5.50186,3.50271
SASDMV7,2,atual,10,0.077,1,0,3.50196,3.50271
SASDMV7,2,atual,30,0.108,1,0,3.50155,3.50271
SASDMV7,2,pca,4,0.077,1,0,3.50196,3.50271
SASDMV7,2,pca,10,0.077,1,0,3.50196,3.50271
SASDMV7,2,pca,30,0.108,1,0,3.50155,3.50271
SASDMV7,3,atual,3,98.86,0,0,5.49624,3.50271
SASDMV7,3,atual,4,98.86,0,0,5.49624,3.50271
SASDMV7,3,atual,10,0.12,1,0,3.5015,3.50271
SASDMV7,3,atual,30,0.128,1,0,3.50142,3.50271
SASDMV7,3,pca,4,0.077,1,0,3.50196,3.50271
SASDMV7,3,pca,10,0.077,1,0,3.50195,3.50271
SASDMV7,3,pca,30,0.128,1,0,3.50142,3.50271
SASDMV7,4,atual,3,98.885,0,0,5.5029,3.50271
SASDMV7,4,atual,4,98.885,0,0,5.5029,3.50271
SASDMV7,4,atual,10,0.087,1,0,3.50184,3.50271
SASDMV7,4,atual,30,0.083,1,0,3.50177,3.50271
SASDMV7,4,pca,4,0.077,1,0,3.50196,3.50271
SASDMV7,4,pca,10,0.087,1,0,3.50184,3.50271
SASDMV7,4,pca,30,0.083,1,0,3.50177,3.50271
SASDMV7,5,atual,3,0.082,1,0,3.50195,3.50271
SASDMV7,5,atual,4,0.085,1,0,3.50187,3.50271
SASDMV7,5,atual,10,0.137,1,0,3.50136,3.50271
SASDMV7,5,atual,30,0.137,1,0,3.50136,3.50271
SASDMV7,5,pca,4,0.077,1,0,3.50196,3.50271
SASDMV7,5,pca,10,0.085,1,0,3.50187,3.50271
SASDMV7,5,pca,30,0.137,1,0,3.50136,3.50271
SASDPT5,0,atual,3,0.114,1,0,3.46631,3.46642
SASDPT5,0,atual,4,0.114,1,0,3.46631,3.46642
SASDPT5,0,atual,10,0.117,1,0,3.46605,3.46642
SASDPT5,0,atual,30,0.141,1,0,3.4659,3.46642
SASDPT5,0,pca,4,0.119,1,0,3.46635,3.46642
SASDPT5,0,pca,10,0.117,1,0,3.46605,3.46642
SASDPT5,0,pca,30,0.141,1,0,3.4659,3.46642
SASDPT5,1,atual,3,0.114,1,0,3.46631,3.46642
SASDPT5,1,atual,4,0.114,1,0,3.46631,3.46642
SASDPT5,1,atual,10,0.114,1,0,3.46631,3.46642
SASDPT5,1,atual,30,0.096,1,0,3.46617,3.46642
SASDPT5,1,pca,4,0.119,1,0,3.46635,3.46642
SASDPT5,1,pca,10,0.114,1,0,3.46631,3.46642
SASDPT5,1,pca,30,0.096,1,0,3.46617,3.46642
SASDPT5,2,atual,3,68.573,0,1,5.79338,3.46642
SASDPT5,2,atual,4,68.573,0,1,5.79338,3.46642
SASDPT5,2,atual,10,0.116,1,0,3.46634,3.46642
SASDPT5,2,atual,30,0.124,1,0,3.46588,3.46642
SASDPT5,2,pca,4,0.119,1,0,3.46635,3.46642
SASDPT5,2,pca,10,0.119,1,0,3.46635,3.46642
SASDPT5,2,pca,30,0.124,1,0,3.46588,3.46642
SASDPT5,3,atual,3,19.142,0,1,5.44471,3.46642
SASDPT5,3,atual,4,68.276,0,1,5.81201,3.46642
SASDPT5,3,atual,10,0.179,1,0,3.46578,3.46642
SASDPT5,3,atual,30,0.179,1,0,3.46578,3.46642
SASDPT5,3,pca,4,0.119,1,0,3.46635,3.46642
SASDPT5,3,pca,10,0.159,1,0,3.4658,3.46642
SASDPT5,3,pca,30,0.179,1,0,3.46578,3.46642
SASDPT5,4,atual,3,0.097,1,0,3.46616,3.46642
SASDPT5,4,atual,4,0.097,1,0,3.46616,3.46642
SASDPT5,4,atual,10,0.096,1,0,3.46616,3.46642
SASDPT5,4,atual,30,0.162,1,0,3.46584,3.46642
SASDPT5,4,pca,4,0.119,1,0,3.46635,3.46642
SASDPT5,4,pca,10,0.097,1,0,3.46616,3.46642
SASDPT5,4,pca,30,0.162,1,0,3.46584,3.46642
SASDPT5,5,atual,3,0.172,1,0,3.46582,3.46642
SASDPT5,5,atual,4,0.172,1,0,3.46582,3.46642
SASDPT5,5,atual,10,0.172,1,0,3.46582,3.46642
SASDPT5,5,atual,30,0.172,1,0,3.46582,3.46642
SASDPT5,5,pca,4,0.119,1,0,3.46635,3.46642
SASDPT5,5,pca,10,0.172,1,0,3.46582,3.46642
SASDPT5,5,pca,30,0.172,1,0,3.46582,3.46642
SASDTS8,0,atual,3,0.218,1,0,3.4914,3.49622
SASDTS8,0,atual,4,0.218,1,0,3.4914,3.49622
SASDTS8,0,atual,10,0.218,1,0,3.4914,3.49622
SASDTS8,0,atual,30,0.508,1,0,3.48815,3.49622
SASDTS8,0,pca,4,0.24,1,0,3.48997,3.49622
SASDTS8,0,pca,10,0.24,1,0,3.48997,3.49622
SASDTS8,0,pca,30,0.508,1,0,3.48815,3.49622
SASDTS8,1,atual,3,0.239,1,0,3.4893,3.49622
SASDTS8,1,atual,4,0.239,1,0,3.4893,3.49622
SASDTS8,1,atual,10,0.239,1,0,3.4893,3.49622
SASDTS8,1,atual,30,0.522,1,0,3.48825,3.49622
SASDTS8,1,pca,4,0.24,1,0,3.48997,3.49622
SASDTS8,1,pca,10,0.239,1,0,3.4893,3.49622
SASDTS8,1,pca,30,0.522,1,0,3.48825,3.49622
SASDTS8,2,atual,3,28.704,0,1,4.28033,3.49622
SASDTS8,2,atual,4,28.704,0,1,4.28033,3.49622
SASDTS8,2,atual,10,0.248,1,0,3.48896,3.49622
SASDTS8,2,atual,30,33.127,0,0,3.48889,3.49622
SASDTS8,2,pca,4,0.24,1,0,3.48997,3.49622
SASDTS8,2,pca,10,0.24,1,0,3.48997,3.49622
SASDTS8,2,pca,30,33.127,0,0,3.48889,3.49622
SASDTS8,3,atual,3,33.126,0,0,3.49406,3.49622
SASDTS8,3,atual,4,33.126,0,0,3.49406,3.49622
SASDTS8,3,atual,10,0.433,1,0,3.48802,3.49622
SASDTS8,3,atual,30,0.442,1,0,3.48772,3.49622
SASDTS8,3,pca,4,0.24,1,0,3.48997,3.49622
SASDTS8,3,pca,10,0.24,1,0,3.48997,3.49622
SASDTS8,3,pca,30,0.442,1,0,3.48772,3.49622
SASDTS8,4,atual,3,34.403,0,0,5.25641,3.49622
SASDTS8,4,atual,4,28.798,0,1,4.37104,3.49622
SASDTS8,4,atual,10,0.406,1,0,3.48834,3.49622
SASDTS8,4,atual,30,0.406,1,0,3.48834,3.49622
SASDTS8,4,pca,4,0.24,1,0,3.48997,3.49622
SASDTS8,4,pca,10,0.406,1,0,3.48834,3.49622
SASDTS8,4,pca,30,0.406,1,0,3.48834,3.49622
SASDTS8,5,atual,3,0.24,1,0,3.48997,3.49622
SASDTS8,5,atual,4,0.24,1,0,3.48997,3.49622
SASDTS8,5,atual,10,0.24,1,0,3.48997,3.49622
SASDTS8,5,atual,30,0.239,1,0,3.48994,3.49622
SASDTS8,5,pca,4,0.24,1,0,3.48997,3.49622
SASDTS8,5,pca,10,0.24,1,0,3.48997,3.49622
SASDTS8,5,pca,30,0.239,1,0,3.48994,3.49622
SASDTT8,0,atual,3,0.174,1,0,3.46289,3.46401
SASDTT8,0,atual,4,0.174,1,0,3.46289,3.46401
SASDTT8,0,atual,10,0.174,1,0,3.46289,3.46401
SASDTT8,0,atual,30,0.174,1,0,3.46289,3.46401
SASDTT8,0,pca,4,0.102,1,0,3.46304,3.46401
SASDTT8,0,pca,10,0.102,1,0,3.46304,3.46401
SASDTT8,0,pca,30,0.103,1,0,3.46299,3.46401
SASDTT8,1,atual,3,0.102,1,0,3.46304,3.46401
SASDTT8,1,atual,4,0.102,1,0,3.46304,3.46401
SASDTT8,1,atual,10,0.102,1,0,3.46304,3.46401
SASDTT8,1,atual,30,0.134,1,0,3.46291,3.46401
SASDTT8,1,pca,4,0.102,1,0,3.46304,3.46401
SASDTT8,1,pca,10,0.102,1,0,3.46304,3.46401
SASDTT8,1,pca,30,0.102,1,0,3.46304,3.46401
SASDTT8,2,atual,3,80.971,0,0,4.80447,3.46401
SASDTT8,2,atual,4,0.105,1,0,3.46305,3.46401
SASDTT8,2,atual,10,0.102,1,0,3.46304,3.46401
SASDTT8,2,atual,30,0.103,1,0,3.46298,3.46401
SASDTT8,2,pca,4,0.102,1,0,3.46304,3.46401
SASDTT8,2,pca,10,0.102,1,0,3.46304,3.46401
SASDTT8,2,pca,30,0.103,1,0,3.46298,3.46401
SASDTT8,3,atual,3,80.991,0,0,4.84299,3.46401
SASDTT8,3,atual,4,80.997,0,0,4.83266,3.46401
SASDTT8,3,atual,10,0.115,1,0,3.46298,3.46401
SASDTT8,3,atual,30,0.115,1,0,3.46298,3.46401
SASDTT8,3,pca,4,0.102,1,0,3.46304,3.46401
SASDTT8,3,pca,10,0.115,1,0,3.46298,3.46401
SASDTT8,3,pca,30,0.115,1,0,3.46298,3.46401
SASDTT8,4,atual,3,79.319,0,1,5.69157,3.46401
SASDTT8,4,atual,4,26.458,0,1,5.23252,3.46401
SASDTT8,4,atual,10,0.102,1,0,3.46304,3.46401
SASDTT8,4,atual,30,0.13,1,0,3.46285,3.46401
SASDTT8,4,pca,4,0.102,1,0,3.46304,3.46401
SASDTT8,4,pca,10,0.102,1,0,3.46304,3.46401
SASDTT8,4,pca,30,0.13,1,0,3.46285,3.46401
SASDTT8,5,atual,3,0.125,1,0,3.46296,3.46401
SASDTT8,5,atual,4,0.125,1,0,3.46296,3.46401
SASDTT8,5,atual,10,0.125,1,0,3.46296,3.46401
SASDTT8,5,atual,30,0.125,1,0,3.46296,3.46401
SASDTT8,5,pca,4,0.102,1,0,3.46304,3.46401
SASDTT8,5,pca,10,0.125,1,0,3.46296,3.46401
SASDTT8,5,pca,30,0.125,1,0,3.46296,3.46401
SASDUD6,0,atual,3,0.268,1,0,3.47452,3.47697
SASDUD6,0,atual,4,0.268,1,0,3.47452,3.47697
SASDUD6,0,atual,10,0.268,1,0,3.47452,3.47697
SASDUD6,0,atual,30,0.255,1,0,3.47372,3.47697
SASDUD6,0,pca,4,0.453,1,0,3.47061,3.47697
SASDUD6,0,pca,10,0.453,1,0,3.47061,3.47697
SASDUD6,0,pca,30,0.453,1,0,3.47061,3.47697
SASDUD6,1,atual,3,0.266,1,0,3.47396,3.47697
SASDUD6,1,atual,4,0.266,1,0,3.47396,3.47697
SASDUD6,1,atual,10,0.266,1,0,3.47396,3.47697
SASDUD6,1,atual,30,0.267,1,0,3.47395,3.47697
SASDUD6,1,pca,4,0.453,1,0,3.47061,3.47697
SASDUD6,1,pca,10,0.453,1,0,3.47061,3.47697
SASDUD6,1,pca,30,0.453,1,0,3.47061,3.47697
SASDUD6,2,atual,3,20.351,0,1,4.49094,3.47697
SASDUD6,2,atual,4,20.351,0,1,4.49094,3.47697
SASDUD6,2,atual,10,0.267,1,0,3.47394,3.47697
SASDUD6,2,atual,30,0.267,1,0,3.47394,3.47697
SASDUD6,2,pca,4,0.453,1,0,3.47061,3.47697
SASDUD6,2,pca,10,0.453,1,0,3.47061,3.47697
SASDUD6,2,pca,30,0.453,1,0,3.47061,3.47697
SASDUD6,3,atual,3,20.643,0,1,4.38685,3.47697
SASDUD6,3,atual,4,20.643,0,1,4.38685,3.47697
SASDUD6,3,atual,10,0.318,1,0,3.47244,3.47697
SASDUD6,3,atual,30,0.318,1,0,3.47244,3.47697
SASDUD6,3,pca,4,0.453,1,0,3.47061,3.47697
SASDUD6,3,pca,10,0.453,1,0,3.47061,3.47697
SASDUD6,3,pca,30,0.453,1,0,3.47061,3.47697
SASDUD6,4,atual,3,41.106,0,0,4.74617,3.47697
SASDUD6,4,atual,4,23.578,0,1,4.71383,3.47697
SASDUD6,4,atual,10,20.441,0,1,4.3838,3.47697
SASDUD6,4,atual,30,0.251,1,0,3.47381,3.47697
SASDUD6,4,pca,4,0.453,1,0,3.47061,3.47697
SASDUD6,4,pca,10,0.453,1,0,3.47061,3.47697
SASDUD6,4,pca,30,0.453,1,0,3.47061,3.47697
SASDUD6,5,atual,3,0.268,1,0,3.47395,3.47697
SASDUD6,5,atual,4,0.268,1,0,3.47395,3.47697
SASDUD6,5,atual,10,0.268,1,0,3.47395,3.47697
SASDUD6,5,atual,30,0.255,1,0,3.47392,3.47697
SASDUD6,5,pca,4,0.453,1,0,3.47061,3.47697
SASDUD6,5,pca,10,0.453,1,0,3.47061,3.47697
SASDUD6,5,pca,30,0.453,1,0,3.47061,3.47697
SASDUM8,0,atual,3,0.153,1,0,3.48218,3.48285
SASDUM8,0,atual,4,0.153,1,0,3.48218,3.48285
SASDUM8,0,atual,10,0.153,1,0,3.48218,3.48285
SASDUM8,0,atual,30,0.151,1,0,3.48217,3.48285
SASDUM8,0,pca,4,0.154,1,0,3.48221,3.48285
SASDUM8,0,pca,10,0.153,1,0,3.48218,3.48285
SASDUM8,0,pca,30,0.151,1,0,3.48217,3.48285
SASDUM8,1,atual,3,0.155,1,0,3.48215,3.48285
SASDUM8,1,atual,4,0.155,1,0,3.48215,3.48285
SASDUM8,1,atual,10,0.155,1,0,3.48215,3.48285
SASDUM8,1,atual,30,0.154,1,0,3.48215,3.48285
SASDUM8,1,pca,4,0.154,1,0,3.48221,3.48285
SASDUM8,1,pca,10,0.157,1,0,3.4822,3.48285
SASDUM8,1,pca,30,0.154,1,0,3.48215,3.48285
SASDUM8,2,atual,3,0.154,1,0,3.48221,3.48285
SASDUM8,2,atual,4,0.154,1,0,3.48221,3.48285
SASDUM8,2,atual,10,0.156,1,0,3.4822,3.48285
SASDUM8,2,atual,30,0.152,1,0,3.48216,3.48285
SASDUM8,2,pca,4,0.154,1,0,3.48221,3.48285
SASDUM8,2,pca,10,0.154,1,0,3.48221,3.48285
SASDUM8,2,pca,30,0.152,1,0,3.48216,3.48285
SASDUM8,3,atual,3,0.157,1,0,3.48218,3.48285
SASDUM8,3,atual,4,0.151,1,0,3.48217,3.48285
SASDUM8,3,atual,10,0.151,1,0,3.48217,3.48285
SASDUM8,3,atual,30,0.151,1,0,3.48217,3.48285
SASDUM8,3,pca,4,0.154,1,0,3.48221,3.48285
SASDUM8,3,pca,10,0.151,1,0,3.48217,3.48285
SASDUM8,3,pca,30,0.151,1,0,3.48217,3.48285
SASDUM8,4,atual,3,0.154,1,0,3.48222,3.48285
SASDUM8,4,atual,4,0.154,1,0,3.48222,3.48285
SASDUM8,4,atual,10,0.165,1,0,3.48218,3.48285
SASDUM8,4,atual,30,0.154,1,0,3.48213,3.48285
SASDUM8,4,pca,4,0.154,1,0,3.48221,3.48285
SASDUM8,4,pca,10,0.154,1,0,3.48221,3.48285
SASDUM8,4,pca,30,0.154,1,0,3.48213,3.48285
SASDUM8,5,atual,3,0.155,1,0,3.48224,3.48285
SASDUM8,5,atual,4,0.151,1,0,3.48217,3.48285
SASDUM8,5,atual,10,0.151,1,0,3.48217,3.48285
SASDUM8,5,atual,30,0.157,1,0,3.48213,3.48285
SASDUM8,5,pca,4,0.154,1,0,3.48221,3.48285
SASDUM8,5,pca,10,0.151,1,0,3.48217,3.48285
SASDUM8,5,pca,30,0.151,1,0,3.48217,3.48285
SASDUN8,0,atual,3,0.143,1,0,3.4885,3.48986
SASDUN8,0,atual,4,0.143,1,0,3.4885,3.48986
SASDUN8,0,atual,10,0.143,1,0,3.4885,3.48986
SASDUN8,0,atual,30,0.143,1,0,3.4885,3.48986
SASDUN8,0,pca,4,0.128,1,0,3.48891,3.48986
SASDUN8,0,pca,10,0.143,1,0,3.4885,3.48986
SASDUN8,0,pca,30,0.143,1,0,3.4885,3.48986
SASDUN8,1,atual,3,0.122,1,0,3.48905,3.48986
SASDUN8,1,atual,4,0.122,1,0,3.48905,3.48986
SASDUN8,1,atual,10,0.122,1,0,3.48905,3.48986
SASDUN8,1,atual,30,0.135,1,0,3.48864,3.48986
SASDUN8,1,pca,4,0.128,1,0,3.48891,3.48986
SASDUN8,1,pca,10,0.128,1,0,3.48891,3.48986
SASDUN8,1,pca,30,0.135,1,0,3.48864,3.48986
SASDUN8,2,atual,3,35.379,0,1,6.40093,3.48986
SASDUN8,2,atual,4,35.379,0,1,6.40093,3.48986
SASDUN8,2,atual,10,0.148,1,0,3.4884,3.48986
SASDUN8,2,atual,30,0.148,1,0,3.4884,3.48986
SASDUN8,2,pca,4,0.128,1,0,3.48891,3.48986
SASDUN8,2,pca,10,0.128,1,0,3.48891,3.48986
SASDUN8,2,pca,30,0.148,1,0,3.4884,3.48986
SASDUN8,3,atual,3,35.384,0,1,6.41234,3.48986
SASDUN8,3,atual,4,35.384,0,1,6.41234,3.48986
SASDUN8,3,atual,10,0.172,1,0,3.48816,3.48986
SASDUN8,3,atual,30,0.172,1,0,3.48816,3.48986
SASDUN8,3,pca,4,0.128,1,0,3.48891,3.48986
SASDUN8,3,pca,10,0.128,1,0,3.48891,3.48986
SASDUN8,3,pca,30,0.172,1,0,3.48816,3.48986
SASDUN8,4,atual,3,92.444,0,0,7.75379,3.48986
SASDUN8,4,atual,4,92.444,0,0,7.75379,3.48986
SASDUN8,4,atual,10,35.225,0,1,6.39699,3.48986
SASDUN8,4,atual,30,0.155,1,0,3.48826,3.48986
SASDUN8,4,pca,4,0.128,1,0,3.48891,3.48986
SASDUN8,4,pca,10,0.128,1,0,3.48891,3.48986
SASDUN8,4,pca,30,0.155,1,0,3.48826,3.48986
SASDUN8,5,atual,3,0.113,1,0,3.48868,3.48986
SASDUN8,5,atual,4,0.113,1,0,3.48868,3.48986
SASDUN8,5,atual,10,0.142,1,0,3.48848,3.48986
SASDUN8,5,atual,30,0.175,1,0,3.48837,3.48986
SASDUN8,5,pca,4,0.128,1,0,3.48891,3.48986
SASDUN8,5,pca,10,0.113,1,0,3.48868,3.48986
SASDUN8,5,pca,30,0.175,1,0,3.48837,3.48986
SASDUP8,0,atual,3,0.129,1,0,3.49944,3.4998
SASDUP8,0,atual,4,0.129,1,0,3.49944,3.4998
SASDUP8,0,atual,10,0.129,1,0,3.49944,3.4998
SASDUP8,0,atual,30,0.158,1,0,3.49913,3.4998
SASDUP8,0,pca,4,0.122,1,0,3.49953,3.4998
SASDUP8,0,pca,10,0.122,1,0,3.49953,3.4998
SASDUP8,0,pca,30,0.158,1,0,3.49913,3.4998
SASDUP8,1,atual,3,0.117,1,0,3.49946,3.4998
SASDUP8,1,atual,4,0.117,1,0,3.49946,3.4998
SASDUP8,1,atual,10,0.135,1,0,3.49944,3.4998
SASDUP8,1,atual,30,0.099,1,0,3.49943,3.4998
SASDUP8,1,pca,4,0.122,1,0,3.49953,3.4998
SASDUP8,1,pca,10,0.121,1,0,3.49952,3.4998
SASDUP8,1,pca,30,0.099,1,0,3.49943,3.4998
SASDUP8,2,atual,3,116.027,0,0,7.78278,3.4998
SASDUP8,2,atual,4,0.137,1,0,3.49946,3.4998
SASDUP8,2,atual,10,0.099,1,0,3.49943,3.4998
SASDUP8,2,atual,30,0.099,1,0,3.49943,3.4998
SASDUP8,2,pca,4,0.122,1,0,3.49953,3.4998
SASDUP8,2,pca,10,0.137,1,0,3.49946,3.4998
SASDUP8,2,pca,30,0.099,1,0,3.49943,3.4998
SASDUP8,3,atual,3,24.353,0,1,7.45752,3.4998
SASDUP8,3,atual,4,24.353,0,1,7.45752,3.4998
SASDUP8,3,atual,10,0.17,1,0,3.49922,3.4998
SASDUP8,3,atual,30,0.168,1,0,3.49859,3.4998
SASDUP8,3,pca,4,0.122,1,0,3.49953,3.4998
SASDUP8,3,pca,10,0.17,1,0,3.49922,3.4998
SASDUP8,3,pca,30,0.168,1,0,3.49859,3.4998
SASDUP8,4,atual,3,112.047,0,1,7.7476,3.4998
SASDUP8,4,atual,4,24.384,0,1,7.46659,3.4998
SASDUP8,4,atual,10,0.141,1,0,3.49939,3.4998
SASDUP8,4,atual,30,0.16,1,0,3.49917,3.4998
SASDUP8,4,pca,4,0.122,1,0,3.49953,3.4998
SASDUP8,4,pca,10,0.117,1,0,3.49946,3.4998
SASDUP8,4,pca,30,0.16,1,0,3.49917,3.4998
SASDUP8,5,atual,3,0.085,1,0,3.50003,3.4998
SASDUP8,5,atual,4,0.099,1,0,3.49943,3.4998
SASDUP8,5,atual,10,0.099,1,0,3.49943,3.4998
SASDUP8,5,atual,30,0.099,1,0,3.49943,3.4998
SASDUP8,5,pca,4,0.122,1,0,3.49953,3.4998
SASDUP8,5,pca,10,0.099,1,0,3.49943,3.4998
SASDUP8,5,pca,30,0.099,1,0,3.49943,3.4998
SASDUQ8,0,atual,3,0.114,1,0,3.47155,3.47266
SASDUQ8,0,atual,4,0.114,1,0,3.47155,3.47266
SASDUQ8,0,atual,10,0.114,1,0,3.47155,3.47266
SASDUQ8,0,atual,30,0.114,1,0,3.47155,3.47266
SASDUQ8,0,pca,4,0.111,1,0,3.47167,3.47266
SASDUQ8,0,pca,10,0.111,1,0,3.47167,3.47266
SASDUQ8,0,pca,30,0.111,1,0,3.47166,3.47266
SASDUQ8,1,atual,3,0.111,1,0,3.47166,3.47266
SASDUQ8,1,atual,4,0.111,1,0,3.47166,3.47266
SASDUQ8,1,atual,10,0.119,1,0,3.47146,3.47266
SASDUQ8,1,atual,30,0.119,1,0,3.47146,3.47266
SASDUQ8,1,pca,4,0.111,1,0,3.47167,3.47266
SASDUQ8,1,pca,10,0.111,1,0,3.47167,3.47266
SASDUQ8,1,pca,30,0.119,1,0,3.47146,3.47266
SASDUQ8,2,atual,3,0.364,1,0,3.47686,3.47266
SASDUQ8,2,atual,4,0.11,1,0,3.47165,3.47266
SASDUQ8,2,atual,10,0.11,1,0,3.47165,3.47266
SASDUQ8,2,atual,30,0.11,1,0,3.47165,3.47266
SASDUQ8,2,pca,4,0.111,1,0,3.47167,3.47266
SASDUQ8,2,pca,10,0.11,1,0,3.47165,3.47266
SASDUQ8,2,pca,30,0.11,1,0,3.47165,3.47266
SASDUQ8,3,atual,3,106.435,0,0,7.31179,3.47266
SASDUQ8,3,atual,4,106.435,0,0,7.31179,3.47266
SASDUQ8,3,atual,10,0.108,1,0,3.47165,3.47266
SASDUQ8,3,atual,30,0.108,1,0,3.47165,3.47266
SASDUQ8,3,pca,4,0.111,1,0,3.47167,3.47266
SASDUQ8,3,pca,10,0.108,1,0,3.47165,3.47266
SASDUQ8,3,pca,30,0.108,1,0,3.47165,3.47266
SASDUQ8,4,atual,3,106.302,0,0,7.40697,3.47266
SASDUQ8,4,atual,4,28.333,0,1,7.0461,3.47266
SASDUQ8,4,atual,10,0.106,1,0,3.47168,3.47266
SASDUQ8,4,atual,30,0.134,1,0,3.47158,3.47266
SASDUQ8,4,pca,4,0.111,1,0,3.47167,3.47266
SASDUQ8,4,pca,10,0.111,1,0,3.47167,3.47266
SASDUQ8,4,pca,30,0.111,1,0,3.47167,3.47266
SASDUQ8,5,atual,3,0.111,1,0,3.47166,3.47266
SASDUQ8,5,atual,4,0.111,1,0,3.47166,3.47266
SASDUQ8,5,atual,10,0.107,1,0,3.47164,3.47266
SASDUQ8,5,atual,30,0.107,1,0,3.47164,3.47266
SASDUQ8,5,pca,4,0.111,1,0,3.47167,3.47266
SASDUQ8,5,pca,10,0.111,1,0,3.47166,3.47266
SASDUQ8,5,pca,30,0.107,1,0,3.47164,3.47266
SASDUR8,0,atual,3,0.134,1,0,3.4928,3.49372
SASDUR8,0,atual,4,0.134,1,0,3.4928,3.49372
SASDUR8,0,atual,10,0.134,1,0,3.4928,3.49372
SASDUR8,0,atual,30,0.183,1,0,3.49277,3.49372
SASDUR8,0,pca,4,0.126,1,0,3.4928,3.49372
SASDUR8,0,pca,10,0.126,1,0,3.4928,3.49372
SASDUR8,0,pca,30,0.17,1,0,3.49277,3.49372
SASDUR8,1,atual,3,0.172,1,0,3.49272,3.49372
SASDUR8,1,atual,4,0.172,1,0,3.49272,3.49372
SASDUR8,1,atual,10,0.172,1,0,3.49272,3.49372
SASDUR8,1,atual,30,0.172,1,0,3.49272,3.49372
SASDUR8,1,pca,4,0.126,1,0,3.4928,3.49372
SASDUR8,1,pca,10,0.126,1,0,3.4928,3.49372
SASDUR8,1,pca,30,0.173,1,0,3.49274,3.49372
SASDUR8,2,atual,3,0.086,1,0,3.49367,3.49372
SASDUR8,2,atual,4,0.086,1,0,3.49367,3.49372
SASDUR8,2,atual,10,0.134,1,0,3.49278,3.49372
SASDUR8,2,atual,30,0.172,1,0,3.49275,3.49372
SASDUR8,2,pca,4,0.126,1,0,3.4928,3.49372
SASDUR8,2,pca,10,0.134,1,0,3.49278,3.49372
SASDUR8,2,pca,30,0.172,1,0,3.49275,3.49372
SASDUR8,3,atual,3,0.135,1,0,3.49285,3.49372
SASDUR8,3,atual,4,0.135,1,0,3.49285,3.49372
SASDUR8,3,atual,10,0.182,1,0,3.4927,3.49372
SASDUR8,3,atual,30,0.182,1,0,3.4927,3.49372
SASDUR8,3,pca,4,0.126,1,0,3.4928,3.49372
SASDUR8,3,pca,10,0.182,1,0,3.4927,3.49372
SASDUR8,3,pca,30,0.182,1,0,3.4927,3.49372
SASDUR8,4,atual,3,0.184,1,0,3.49281,3.49372
SASDUR8,4,atual,4,0.195,1,0,3.4928,3.49372
SASDUR8,4,atual,10,0.195,1,0,3.4928,3.49372
SASDUR8,4,atual,30,0.163,1,0,3.49274,3.49372
SASDUR8,4,pca,4,0.126,1,0,3.4928,3.49372
SASDUR8,4,pca,10,0.126,1,0,3.4928,3.49372
SASDUR8,4,pca,30,0.163,1,0,3.49274,3.49372
SASDUR8,5,atual,3,0.123,1,0,3.49282,3.49372
SASDUR8,5,atual,4,0.123,1,0,3.49282,3.49372
SASDUR8,5,atual,10,0.175,1,0,3.49273,3.49372
SASDUR8,5,atual,30,0.175,1,0,3.49273,3.49372
SASDUR8,5,pca,4,0.126,1,0,3.4928,3.49372
SASDUR8,5,pca,10,0.126,1,0,3.4928,3.49372
SASDUR8,5,pca,30,0.175,1,0,3.49273,3.49372
SASDUU3,0,atual,3,1.497,1,0,3.45378,3.40548
SASDUU3,0,atual,4,1.497,1,0,3.45378,3.40548
SASDUU3,0,atual,10,1.497,1,0,3.45378,3.40548
SASDUU3,0,atual,30,0.08,1,0,3.40502,3.40548
SASDUU3,0,pca,4,0.081,1,0,3.40496,3.40548
SASDUU3,0,pca,10,0.081,1,0,3.40496,3.40548
SASDUU3,0,pca,30,0.081,1,0,3.40496,3.40548
SASDUU3,1,atual,3,0.139,1,0,3.40468,3.40548
SASDUU3,1,atual,4,0.139,1,0,3.40468,3.40548
SASDUU3,1,atual,10,0.139,1,0,3.40468,3.40548
SASDUU3,1,atual,30,0.128,1,0,3.40466,3.40548
SASDUU3,1,pca,4,0.081,1,0,3.40496,3.40548
SASDUU3,1,pca,10,0.139,1,0,3.40468,3.40548
SASDUU3,1,pca,30,0.139,1,0,3.40468,3.40548
SASDUU3,2,atual,3,61.254,0,0,3.46776,3.40548
SASDUU3,2,atual,4,61.254,0,0,3.46776,3.40548
SASDUU3,2,atual,10,61.254,0,0,3.46776,3.40548
SASDUU3,2,atual,30,0.081,1,0,3.40496,3.40548
SASDUU3,2,pca,4,0.081,1,0,3.40496,3.40548
SASDUU3,2,pca,10,0.081,1,0,3.40496,3.40548
SASDUU3,2,pca,30,0.081,1,0,3.40496,3.40548
SASDUU3,3,atual,3,26.848,0,1,4.69609,3.40548
SASDUU3,3,atual,4,53.335,0,1,4.51442,3.40548
SASDUU3,3,atual,10,0.082,1,0,3.40496,3.40548
SASDUU3,3,atual,30,0.082,1,0,3.40496,3.40548
SASDUU3,3,pca,4,0.081,1,0,3.40496,3.40548
SASDUU3,3,pca,10,0.081,1,0,3.40496,3.40548
SASDUU3,3,pca,30,0.081,1,0,3.40496,3.40548
SASDUU3,4,atual,3,66.415,0,1,4.74321,3.40548
SASDUU3,4,atual,4,66.48,0,1,4.74486,3.40548
SASDUU3,4,atual,10,61.253,0,0,3.46866,3.40548
SASDUU3,4,atual,30,0.101,1,0,3.40472,3.40548
SASDUU3,4,pca,4,0.081,1,0,3.40496,3.40548
SASDUU3,4,pca,10,0.081,1,0,3.40496,3.40548
SASDUU3,4,pca,30,0.101,1,0,3.40472,3.40548
SASDUU3,5,atual,3,61.256,0,0,3.47422,3.40548
SASDUU3,5,atual,4,61.256,0,0,3.47422,3.40548
SASDUU3,5,atual,10,0.073,1,0,3.4049,3.40548
SASDUU3,5,atual,30,0.073,1,0,3.4049,3.40548
SASDUU3,5,pca,4,0.081,1,0,3.40496,3.40548
SASDUU3,5,pca,10,0.081,1,0,3.40496,3.40548
SASDUU3,5,pca,30,0.073,1,0,3.4049,3.40548
SASDUW5,0,atual,3,0.091,1,0,3.56286,3.56272
SASDUW5,0,atual,4,0.091,1,0,3.56286,3.56272
SASDUW5,0,atual,10,0.091,1,0,3.56286,3.56272
SASDUW5,0,atual,30,0.091,1,0,3.56286,3.56272
SASDUW5,0,pca,4,0.06,1,0,3.56326,3.56272
SASDUW5,0,pca,10,0.118,1,0,3.56296,3.56272
SASDUW5,0,pca,30,0.091,1,0,3.56286,3.56272
SASDUW5,1,atual,3,0.086,1,0,3.56284,3.56272
SASDUW5,1,atual,4,0.086,1,0,3.56284,3.56272
SASDUW5,1,atual,10,0.086,1,0,3.56284,3.56272
SASDUW5,1,atual,30,0.086,1,0,3.56284,3.56272
SASDUW5,1,pca,4,0.06,1,0,3.56326,3.56272
SASDUW5,1,pca,10,0.086,1,0,3.56284,3.56272
SASDUW5,1,pca,30,0.086,1,0,3.56284,3.56272
SASDUW5,2,atual,3,12.775,0,1,5.34346,3.56272
SASDUW5,2,atual,4,12.775,0,1,5.34346,3.56272
SASDUW5,2,atual,10,0.096,1,0,3.56289,3.56272
SASDUW5,2,atual,30,0.284,1,0,3.55964,3.56272
SASDUW5,2,pca,4,0.06,1,0,3.56326,3.56272
SASDUW5,2,pca,10,0.06,1,0,3.56326,3.56272
SASDUW5,2,pca,30,0.284,1,0,3.55964,3.56272
SASDUW5,3,atual,3,0.107,1,0,3.56278,3.56272
SASDUW5,3,atual,4,0.107,1,0,3.56278,3.56272
SASDUW5,3,atual,10,0.107,1,0,3.56278,3.56272
SASDUW5,3,atual,30,0.129,1,0,3.5627,3.56272
SASDUW5,3,pca,4,0.06,1,0,3.56326,3.56272
SASDUW5,3,pca,10,0.09,1,0,3.56299,3.56272
SASDUW5,3,pca,30,0.129,1,0,3.5627,3.56272
SASDUW5,4,atual,3,71.415,0,0,6.05352,3.56272
SASDUW5,4,atual,4,71.415,0,0,6.05352,3.56272
SASDUW5,4,atual,10,0.091,1,0,3.563,3.56272
SASDUW5,4,atual,30,0.088,1,0,3.56287,3.56272
SASDUW5,4,pca,4,0.06,1,0,3.56326,3.56272
SASDUW5,4,pca,10,0.06,1,0,3.56326,3.56272
SASDUW5,4,pca,30,0.088,1,0,3.56287,3.56272
SASDUW5,5,atual,3,0.133,1,0,3.56291,3.56272
SASDUW5,5,atual,4,0.133,1,0,3.56291,3.56272
SASDUW5,5,atual,10,0.133,1,0,3.56291,3.56272
SASDUW5,5,atual,30,0.134,1,0,3.56287,3.56272
SASDUW5,5,pca,4,0.06,1,0,3.56326,3.56272
SASDUW5,5,pca,10,0.133,1,0,3.56291,3.56272
SASDUW5,5,pca,30,0.134,1,0,3.56287,3.56272
SASDUX5,0,atual,3,0.133,1,0,3.47598,3.48036
SASDUX5,0,atual,4,0.133,1,0,3.47598,3.48036
SASDUX5,0,atual,10,0.133,1,0,3.47598,3.48036
SASDUX5,0,atual,30,0.239,1,0,3.47518,3.48036
SASDUX5,0,pca,4,0.134,1,0,3.4758,3.48036
SASDUX5,0,pca,10,0.134,1,0,3.4758,3.48036
SASDUX5,0,pca,30,0.239,1,0,3.47518,3.48036
SASDUX5,1,atual,3,0.134,1,0,3.47596,3.48036
SASDUX5,1,atual,4,0.134,1,0,3.47596,3.48036
SASDUX5,1,atual,10,0.133,1,0,3.4759,3.48036
SASDUX5,1,atual,30,0.141,1,0,3.47586,3.48036
SASDUX5,1,pca,4,0.134,1,0,3.4758,3.48036
SASDUX5,1,pca,10,0.134,1,0,3.4758,3.48036
SASDUX5,1,pca,30,0.134,1,0,3.4758,3.48036
SASDUX5,2,atual,3,0.125,1,0,3.47619,3.48036
SASDUX5,2,atual,4,0.125,1,0,3.47619,3.48036
SASDUX5,2,atual,10,0.134,1,0,3.47597,3.48036
SASDUX5,2,atual,30,0.143,1,0,3.47588,3.48036
SASDUX5,2,pca,4,0.134,1,0,3.4758,3.48036
SASDUX5,2,pca,10,0.134,1,0,3.4758,3.48036
SASDUX5,2,pca,30,0.134,1,0,3.4758,3.48036
SASDUX5,3,atual,3,41.28,0,1,4.51521,3.48036
SASDUX5,3,atual,4,41.28,0,1,4.51521,3.48036
SASDUX5,3,atual,10,0.156,1,0,3.47587,3.48036
SASDUX5,3,atual,30,0.141,1,0,3.47558,3.48036
SASDUX5,3,pca,4,0.134,1,0,3.4758,3.48036
SASDUX5,3,pca,10,0.134,1,0,3.4758,3.48036
SASDUX5,3,pca,30,0.141,1,0,3.47558,3.48036
SASDUX5,4,atual,3,47.035,0,0,5.16107,3.48036
SASDUX5,4,atual,4,41.23,0,1,4.49951,3.48036
SASDUX5,4,atual,10,1.288,1,0,3.55089,3.48036
SASDUX5,4,atual,30,0.136,1,0,3.47585,3.48036
SASDUX5,4,pca,4,0.134,1,0,3.4758,3.48036
SASDUX5,4,pca,10,0.134,1,0,3.4758,3.48036
SASDUX5,4,pca,30,0.134,1,0,3.4758,3.48036
SASDUX5,5,atual,3,0.129,1,0,3.47612,3.48036
SASDUX5,5,atual,4,0.135,1,0,3.47594,3.48036
SASDUX5,5,atual,10,0.135,1,0,3.47594,3.48036
SASDUX5,5,atual,30,0.154,1,0,3.47578,3.48036
SASDUX5,5,pca,4,0.134,1,0,3.4758,3.48036
SASDUX5,5,pca,10,0.134,1,0,3.4758,3.48036
SASDUX5,5,pca,30,0.154,1,0,3.47578,3.48036
SASDUY5,0,atual,3,0.229,1,0,3.48417,3.4902
SASDUY5,0,atual,4,0.229,1,0,3.48417,3.4902
SASDUY5,0,atual,10,0.229,1,0,3.48417,3.4902
SASDUY5,0,atual,30,0.292,1,0,3.4833,3.4902
SASDUY5,0,pca,4,0.172,1,0,3.48486,3.4902
SASDUY5,0,pca,10,0.172,1,0,3.48486,3.4902
SASDUY5,0,pca,30,0.291,1,0,3.4833,3.4902
SASDUY5,1,atual,3,0.166,1,0,3.48503,3.4902
SASDUY5,1,atual,4,0.166,1,0,3.48503,3.4902
SASDUY5,1,atual,10,0.166,1,0,3.48503,3.4902
SASDUY5,1,atual,30,0.178,1,0,3.48477,3.4902
SASDUY5,1,pca,4,0.172,1,0,3.48486,3.4902
SASDUY5,1,pca,10,0.172,1,0,3.48486,3.4902
SASDUY5,1,pca,30,0.178,1,0,3.48477,3.4902
SASDUY5,2,atual,3,19.165,0,1,6.46618,3.4902
SASDUY5,2,atual,4,19.165,0,1,6.46618,3.4902
SASDUY5,2,atual,10,0.179,1,0,3.48472,3.4902
SASDUY5,2,atual,30,0.179,1,0,3.48472,3.4902
SASDUY5,2,pca,4,0.172,1,0,3.48486,3.4902
SASDUY5,2,pca,10,0.172,1,0,3.48486,3.4902
SASDUY5,2,pca,30,0.179,1,0,3.48472,3.4902
SASDUY5,3,atual,3,38.839,0,1,6.67162,3.4902
SASDUY5,3,atual,4,38.839,0,1,6.67162,3.4902
SASDUY5,3,atual,10,0.171,1,0,3.48479,3.4902
SASDUY5,3,atual,30,0.178,1,0,3.48477,3.4902
SASDUY5,3,pca,4,0.172,1,0,3.48486,3.4902
SASDUY5,3,pca,10,0.172,1,0,3.48486,3.4902
SASDUY5,3,pca,30,0.178,1,0,3.48477,3.4902
SASDUY5,4,atual,3,61.988,0,0,8.35644,3.4902
SASDUY5,4,atual,4,38.782,0,1,6.66712,3.4902
SASDUY5,4,atual,10,19.211,0,1,6.49248,3.4902
SASDUY5,4,atual,30,0.301,1,0,3.4834,3.4902
SASDUY5,4,pca,4,0.172,1,0,3.48486,3.4902
SASDUY5,4,pca,10,0.172,1,0,3.48486,3.4902
SASDUY5,4,pca,30,0.301,1,0,3.4834,3.4902
SASDUY5,5,atual,3,0.166,1,0,3.485,3.4902
SASDUY5,5,atual,4,0.166,1,0,3.485,3.4902
SASDUY5,5,atual,10,0.272,1,0,3.4837,3.4902
SASDUY5,5,atual,30,0.34,1,0,3.48364,3.4902
SASDUY5,5,pca,4,0.172,1,0,3.48486,3.4902
SASDUY5,5,pca,10,0.172,1,0,3.48486,3.4902
SASDUY5,5,pca,30,0.34,1,0,3.48364,3.4902
SASDUZ5,0,atual,3,55.626,0,0,3.46434,3.46773
SASDUZ5,0,atual,4,55.626,0,0,3.46434,3.46773
SASDUZ5,0,atual,10,55.626,0,0,3.46434,3.46773
SASDUZ5,0,atual,30,0.202,1,0,3.4638,3.46773
SASDUZ5,0,pca,4,0.203,1,0,3.46396,3.46773
SASDUZ5,0,pca,10,0.203,1,0,3.46396,3.46773
SASDUZ5,0,pca,30,0.202,1,0,3.4638,3.46773
SASDUZ5,1,atual,3,0.238,1,0,3.4638,3.46773
SASDUZ5,1,atual,4,0.238,1,0,3.4638,3.46773
SASDUZ5,1,atual,10,55.627,0,0,3.46356,3.46773
SASDUZ5,1,atual,30,55.627,0,0,3.46297,3.46773
SASDUZ5,1,pca,4,0.203,1,0,3.46396,3.46773
SASDUZ5,1,pca,10,0.238,1,0,3.4638,3.46773
SASDUZ5,1,pca,30,55.627,0,0,3.46297,3.46773
SASDUZ5,2,atual,3,55.626,0,0,3.4644,3.46773
SASDUZ5,2,atual,4,55.626,0,0,3.4644,3.46773
SASDUZ5,2,atual,10,55.626,0,0,3.46383,3.46773
SASDUZ5,2,atual,30,55.626,0,0,3.46308,3.46773
SASDUZ5,2,pca,4,0.203,1,0,3.46396,3.46773
SASDUZ5,2,pca,10,55.626,0,0,3.46383,3.46773
SASDUZ5,2,pca,30,0.238,1,0,3.46379,3.46773
SASDUZ5,3,atual,3,30.38,0,1,5.10526,3.46773
SASDUZ5,3,atual,4,55.626,0,0,3.46434,3.46773
SASDUZ5,3,atual,10,0.238,1,0,3.4638,3.46773
SASDUZ5,3,atual,30,0.238,1,0,3.4638,3.46773
SASDUZ5,3,pca,4,0.203,1,0,3.46396,3.46773
SASDUZ5,3,pca,10,0.201,1,0,3.46388,3.46773
SASDUZ5,3,pca,30,0.238,1,0,3.4638,3.46773
SASDUZ5,4,atual,3,55.626,0,0,3.46445,3.46773
SASDUZ5,4,atual,4,55.626,0,0,3.46445,3.46773
SASDUZ5,4,atual,10,55.626,0,0,3.4643,3.46773
SASDUZ5,4,atual,30,0.201,1,0,3.46388,3.46773
SASDUZ5,4,pca,4,0.203,1,0,3.46396,3.46773
SASDUZ5,4,pca,10,0.203,1,0,3.46396,3.46773
SASDUZ5,4,pca,30,0.193,1,0,3.46393,3.46773
SASDUZ5,5,atual,3,30.251,0,1,5.21814,3.46773
SASDUZ5,5,atual,4,30.375,0,1,5.11499,3.46773
SASDUZ5,5,atual,10,0.201,1,0,3.46388,3.46773
SASDUZ5,5,atual,30,0.238,1,0,3.46382,3.46773
SASDUZ5,5,pca,4,0.203,1,0,3.46396,3.46773
SASDUZ5,5,pca,10,0.203,1,0,3.46396,3.46773
SASDUZ5,5,pca,30,0.238,1,0,3.46382,3.46773
SASDV33,0,atual,3,0.286,1,0,3.51371,3.51612
SASDV33,0,atual,4,0.286,1,0,3.51371,3.51612
SASDV33,0,atual,10,0.286,1,0,3.51371,3.51612
SASDV33,0,atual,30,0.313,1,0,3.51331,3.51612
SASDV33,0,pca,4,0.14,1,0,3.51445,3.51612
SASDV33,0,pca,10,0.286,1,0,3.51371,3.51612
SASDV33,0,pca,30,0.313,1,0,3.51331,3.51612
SASDV33,1,atual,3,0.14,1,0,3.51445,3.51612
SASDV33,1,atual,4,0.14,1,0,3.51445,3.51612
SASDV33,1,atual,10,0.156,1,0,3.51436,3.51612
SASDV33,1,atual,30,0.193,1,0,3.51405,3.51612
SASDV33,1,pca,4,0.14,1,0,3.51445,3.51612
SASDV33,1,pca,10,0.156,1,0,3.51436,3.51612
SASDV33,1,pca,30,0.152,1,0,3.51433,3.51612
SASDV33,2,atual,3,14.733,0,1,4.3995,3.51612
SASDV33,2,atual,4,14.733,0,1,4.3995,3.51612
SASDV33,2,atual,10,0.162,1,0,3.51434,3.51612
SASDV33,2,atual,30,0.168,1,0,3.51432,3.51612
SASDV33,2,pca,4,0.14,1,0,3.51445,3.51612
SASDV33,2,pca,10,0.14,1,0,3.51445,3.51612
SASDV33,2,pca,30,0.168,1,0,3.51432,3.51612
SASDV33,3,atual,3,26.2,0,1,4.85871,3.51612
SASDV33,3,atual,4,26.2,0,1,4.85871,3.51612
SASDV33,3,atual,10,0.153,1,0,3.51435,3.51612
SASDV33,3,atual,30,0.153,1,0,3.51435,3.51612
SASDV33,3,pca,4,0.14,1,0,3.51445,3.51612
SASDV33,3,pca,10,0.14,1,0,3.51445,3.51612
SASDV33,3,pca,30,0.153,1,0,3.51435,3.51612
SASDV33,4,atual,3,53.094,0,1,6.21052,3.51612
SASDV33,4,atual,4,14.707,0,1,4.41094,3.51612
SASDV33,4,atual,10,14.728,0,1,4.40126,3.51612
SASDV33,4,atual,30,0.235,1,0,3.51381,3.51612
SASDV33,4,pca,4,0.14,1,0,3.51445,3.51612
SASDV33,4,pca,10,0.14,1,0,3.51445,3.51612
SASDV33,4,pca,30,0.235,1,0,3.51381,3.51612
SASDV33,5,atual,3,0.317,1,0,3.51342,3.51612
SASDV33,5,atual,4,0.317,1,0,3.51342,3.51612
SASDV33,5,atual,10,0.317,1,0,3.51342,3.51612
SASDV33,5,atual,30,0.317,1,0,3.51342,3.51612
SASDV33,5,pca,4,0.14,1,0,3.51445,3.51612
SASDV33,5,pca,10,0.317,1,0,3.51342,3.51612
SASDV33,5,pca,30,0.317,1,0,3.51342,3.51612
SASDV62,0,atual,3,40.249,0,1,3.96199,3.45643
SASDV62,0,atual,4,40.249,0,1,3.96199,3.45643
SASDV62,0,atual,10,40.744,0,0,3.69931,3.45643
SASDV62,0,atual,30,40.91,0,0,3.45356,3.45643
SASDV62,0,pca,4,0.217,1,0,3.45081,3.45643
SASDV62,0,pca,10,0.217,1,0,3.45081,3.45643
SASDV62,0,pca,30,0.217,1,0,3.45081,3.45643
SASDV62,1,atual,3,4.551,1,0,3.78569,3.45643
SASDV62,1,atual,4,4.551,1,0,3.78569,3.45643
SASDV62,1,atual,10,40.742,0,0,3.69835,3.45643
SASDV62,1,atual,30,0.263,1,0,3.45823,3.45643
SASDV62,1,pca,4,0.217,1,0,3.45081,3.45643
SASDV62,1,pca,10,0.217,1,0,3.45081,3.45643
SASDV62,1,pca,30,0.217,1,0,3.45081,3.45643
SASDV62,2,atual,3,40.677,0,0,4.30943,3.45643
SASDV62,2,atual,4,40.677,0,0,4.30943,3.45643
SASDV62,2,atual,10,40.739,0,0,3.69511,3.45643
SASDV62,2,atual,30,0.222,1,0,3.45051,3.45643
SASDV62,2,pca,4,0.217,1,0,3.45081,3.45643
SASDV62,2,pca,10,0.217,1,0,3.45081,3.45643
SASDV62,2,pca,30,0.222,1,0,3.45051,3.45643
SASDV62,3,atual,3,33.835,0,0,3.71007,3.45643
SASDV62,3,atual,4,33.835,0,0,3.71007,3.45643
SASDV62,3,atual,10,0.218,1,0,3.45041,3.45643
SASDV62,3,atual,30,0.218,1,0,3.45041,3.45643
SASDV62,3,pca,4,0.217,1,0,3.45081,3.45643
SASDV62,3,pca,10,0.218,1,0,3.45041,3.45643
SASDV62,3,pca,30,0.218,1,0,3.45041,3.45643
SASDV62,4,atual,3,33.84,0,0,3.70639,3.45643
SASDV62,4,atual,4,33.84,0,0,3.70639,3.45643
SASDV62,4,atual,10,33.84,0,0,3.70639,3.45643
SASDV62,4,atual,30,0.22,1,0,3.44995,3.45643
SASDV62,4,pca,4,0.217,1,0,3.45081,3.45643
SASDV62,4,pca,10,0.217,1,0,3.45081,3.45643
SASDV62,4,pca,30,0.22,1,0,3.44995,3.45643
SASDV62,5,atual,3,24.018,0,1,4.02239,3.45643
SASDV62,5,atual,4,33.096,0,1,4.09413,3.45643
SASDV62,5,atual,10,3.48,1,0,3.69738,3.45643
SASDV62,5,atual,30,0.217,1,0,3.45082,3.45643
SASDV62,5,pca,4,0.217,1,0,3.45081,3.45643
SASDV62,5,pca,10,0.217,1,0,3.45081,3.45643
SASDV62,5,pca,30,0.217,1,0,3.45081,3.45643
SASDV64,0,atual,3,0.265,1,0,3.51875,3.52395
SASDV64,0,atual,4,0.265,1,0,3.51875,3.52395
SASDV64,0,atual,10,0.265,1,0,3.51875,3.52395
SASDV64,0,atual,30,0.38,1,0,3.51697,3.52395
SASDV64,0,pca,4,0.241,1,0,3.51905,3.52395
SASDV64,0,pca,10,0.241,1,0,3.51905,3.52395
SASDV64,0,pca,30,0.38,1,0,3.51697,3.52395
SASDV64,1,atual,3,0.219,1,0,3.51937,3.52395
SASDV64,1,atual,4,0.219,1,0,3.51937,3.52395
SASDV64,1,atual,10,0.219,1,0,3.51937,3.52395
SASDV64,1,atual,30,0.248,1,0,3.5185,3.52395
SASDV64,1,pca,4,0.241,1,0,3.51905,3.52395
SASDV64,1,pca,10,0.241,1,0,3.51905,3.52395
SASDV64,1,pca,30,0.248,1,0,3.5185,3.52395
SASDV64,2,atual,3,16.527,0,1,4.41045,3.52395
SASDV64,2,atual,4,16.527,0,1,4.41045,3.52395
SASDV64,2,atual,10,0.228,1,0,3.51924,3.52395
SASDV64,2,atual,30,0.265,1,0,3.51877,3.52395
SASDV64,2,pca,4,0.241,1,0,3.51905,3.52395
SASDV64,2,pca,10,0.241,1,0,3.51905,3.52395
SASDV64,2,pca,30,0.265,1,0,3.51877,3.52395
SASDV64,3,atual,3,16.411,0,1,4.37211,3.52395
SASDV64,3,atual,4,23.243,0,0,4.50063,3.52395
SASDV64,3,atual,10,0.504,1,0,3.51656,3.52395
SASDV64,3,atual,30,0.504,1,0,3.51656,3.52395
SASDV64,3,pca,4,0.241,1,0,3.51905,3.52395
SASDV64,3,pca,10,0.504,1,0,3.51656,3.52395
SASDV64,3,pca,30,0.504,1,0,3.51656,3.52395
SASDV64,4,atual,3,32.802,0,0,5.06533,3.52395
SASDV64,4,atual,4,16.813,0,1,4.43488,3.52395
SASDV64,4,atual,10,17.122,0,1,4.57856,3.52395
SASDV64,4,atual,30,0.371,1,0,3.51655,3.52395
SASDV64,4,pca,4,0.241,1,0,3.51905,3.52395
SASDV64,4,pca,10,0.241,1,0,3.51905,3.52395
SASDV64,4,pca,30,0.371,1,0,3.51655,3.52395
SASDV64,5,atual,3,0.251,1,0,3.51942,3.52395
SASDV64,5,atual,4,0.267,1,0,3.51925,3.52395
SASDV64,5,atual,10,0.267,1,0,3.51925,3.52395
SASDV64,5,atual,30,0.322,1,0,3.51764,3.52395
SASDV64,5,pca,4,0.241,1,0,3.51905,3.52395
SASDV64,5,pca,10,0.241,1,0,3.51905,3.52395
SASDV64,5,pca,30,0.322,1,0,3.51764,3.52395
SASDV74,0,atual,3,16.6,0,1,4.442,3.56909
SASDV74,0,atual,4,23.282,0,1,4.33881,3.56909
SASDV74,0,atual,10,12.505,0,1,4.0273,3.56909
SASDV74,0,atual,30,0.318,1,0,3.5466,3.56909
SASDV74,0,pca,4,0.427,1,0,3.54303,3.56909
SASDV74,0,pca,10,0.427,1,0,3.54303,3.56909
SASDV74,0,pca,30,0.427,1,0,3.54303,3.56909
SASDV74,1,atual,3,0.293,1,0,3.54692,3.56909
SASDV74,1,atual,4,0.293,1,0,3.54692,3.56909
SASDV74,1,atual,10,0.293,1,0,3.54692,3.56909
SASDV74,1,atual,30,0.293,1,0,3.54692,3.56909
SASDV74,1,pca,4,0.427,1,0,3.54303,3.56909
SASDV74,1,pca,10,0.427,1,0,3.54303,3.56909
SASDV74,1,pca,30,0.427,1,0,3.54303,3.56909
SASDV74,2,atual,3,20.001,0,0,4.18991,3.56909
SASDV74,2,atual,4,18.414,0,0,4.14184,3.56909
SASDV74,2,atual,10,19.78,0,0,4.09358,3.56909
SASDV74,2,atual,30,12.407,0,1,4.05569,3.56909
SASDV74,2,pca,4,0.427,1,0,3.54303,3.56909
SASDV74,2,pca,10,0.427,1,0,3.54303,3.56909
SASDV74,2,pca,30,0.427,1,0,3.54303,3.56909
SASDV74,3,atual,3,13.923,0,1,4.14203,3.56909
SASDV74,3,atual,4,11.015,0,1,4.18777,3.56909
SASDV74,3,atual,10,12.569,0,1,4.02011,3.56909
SASDV74,3,atual,30,0.745,1,0,3.53286,3.56909
SASDV74,3,pca,4,0.427,1,0,3.54303,3.56909
SASDV74,3,pca,10,0.427,1,0,3.54303,3.56909
SASDV74,3,pca,30,0.745,1,0,3.53286,3.56909
SASDV74,4,atual,3,15.64,0,0,4.23097,3.56909
SASDV74,4,atual,4,15.64,0,0,4.23097,3.56909
SASDV74,4,atual,10,18.414,0,0,4.10576,3.56909
SASDV74,4,atual,30,0.479,1,0,3.53605,3.56909
SASDV74,4,pca,4,0.427,1,0,3.54303,3.56909
SASDV74,4,pca,10,0.427,1,0,3.54303,3.56909
SASDV74,4,pca,30,0.479,1,0,3.53605,3.56909
SASDV74,5,atual,3,12.431,0,1,4.05029,3.56909
SASDV74,5,atual,4,12.431,0,1,4.05029,3.56909
SASDV74,5,atual,10,18.395,0,0,4.11428,3.56909
SASDV74,5,atual,30,0.278,1,0,3.54636,3.56909
SASDV74,5,pca,4,0.427,1,0,3.54303,3.56909
SASDV74,5,pca,10,0.427,1,0,3.54303,3.56909
SASDV74,5,pca,30,0.427,1,0,3.54303,3.56909
SASDV75,0,atual,3,0.234,1,0,3.40065,3.40105
SASDV75,0,atual,4,0.234,1,0,3.40065,3.40105
SASDV75,0,atual,10,0.234,1,0,3.40065,3.40105
SASDV75,0,atual,30,0.234,1,0,3.40065,3.40105
SASDV75,0,pca,4,0.184,1,0,3.39944,3.40105
SASDV75,0,pca,10,0.184,1,0,3.39944,3.40105
SASDV75,0,pca,30,0.184,1,0,3.39944,3.40105
SASDV75,1,atual,3,65.514,0,0,3.40949,3.40105
SASDV75,1,atual,4,0.102,1,0,3.40132,3.40105
SASDV75,1,atual,10,0.102,1,0,3.40132,3.40105
SASDV75,1,atual,30,0.102,1,0,3.40132,3.40105
SASDV75,1,pca,4,0.057,1,0,3.40132,3.40105
SASDV75,1,pca,10,0.102,1,0,3.40132,3.40105
SASDV75,1,pca,30,0.102,1,0,3.40132,3.40105
SASDV75,2,atual,3,87.574,0,0,3.40286,3.40105
SASDV75,2,atual,4,87.574,0,0,3.40286,3.40105
SASDV75,2,atual,10,87.574,0,0,3.40286,3.40105
SASDV75,2,atual,30,87.574,0,0,3.40286,3.40105
SASDV75,2,pca,4,87.574,0,0,3.4042,3.40105
SASDV75,2,pca,10,87.574,0,0,3.40323,3.40105
SASDV75,2,pca,30,87.574,0,0,3.40323,3.40105
SASDV75,3,atual,3,65.514,0,0,3.40946,3.40105
SASDV75,3,atual,4,65.514,0,0,3.40946,3.40105
SASDV75,3,atual,10,65.514,0,0,3.40946,3.40105
SASDV75,3,atual,30,0.226,1,0,3.39948,3.40105
SASDV75,3,pca,4,0.15,1,0,3.40171,3.40105
SASDV75,3,pca,10,0.15,1,0,3.40171,3.40105
SASDV75,3,pca,30,0.226,1,0,3.39948,3.40105
SASDV75,4,atual,3,72.939,0,0,3.407,3.40105
SASDV75,4,atual,4,87.574,0,0,3.40194,3.40105
SASDV75,4,atual,10,0.185,1,0,3.40051,3.40105
SASDV75,4,atual,30,0.271,1,0,3.39986,3.40105
SASDV75,4,pca,4,0.146,1,0,3.40039,3.40105
SASDV75,4,pca,10,0.146,1,0,3.40039,3.40105
SASDV75,4,pca,30,0.271,1,0,3.39986,3.40105
SASDV75,5,atual,3,72.939,0,0,3.40749,3.40105
SASDV75,5,atual,4,72.939,0,0,3.40749,3.40105
SASDV75,5,atual,10,72.939,0,0,3.40748,3.40105
SASDV75,5,atual,30,0.196,1,0,3.40173,3.40105
SASDV75,5,pca,4,0.223,1,0,3.40203,3.40105
SASDV75,5,pca,10,0.223,1,0,3.40203,3.40105
SASDV75,5,pca,30,0.223,1,0,3.40203,3.40105
SASDV85,0,atual,3,0.234,1,0,3.40065,3.40105
SASDV85,0,atual,4,0.234,1,0,3.40065,3.40105
SASDV85,0,atual,10,0.234,1,0,3.40065,3.40105
SASDV85,0,atual,30,0.234,1,0,3.40065,3.40105
SASDV85,0,pca,4,0.184,1,0,3.39944,3.40105
SASDV85,0,pca,10,0.184,1,0,3.39944,3.40105
SASDV85,0,pca,30,0.184,1,0,3.39944,3.40105
SASDV85,1,atual,3,65.514,0,0,3.40949,3.40105
SASDV85,1,atual,4,0.102,1,0,3.40132,3.40105
SASDV85,1,atual,10,0.102,1,0,3.40132,3.40105
SASDV85,1,atual,30,0.102,1,0,3.40132,3.40105
SASDV85,1,pca,4,0.057,1,0,3.40132,3.40105
SASDV85,1,pca,10,0.102,1,0,3.40132,3.40105
SASDV85,1,pca,30,0.102,1,0,3.40132,3.40105
SASDV85,2,atual,3,87.574,0,0,3.40286,3.40105
SASDV85,2,atual,4,87.574,0,0,3.40286,3.40105
SASDV85,2,atual,10,87.574,0,0,3.40286,3.40105
SASDV85,2,atual,30,87.574,0,0,3.40286,3.40105
SASDV85,2,pca,4,87.574,0,0,3.4042,3.40105
SASDV85,2,pca,10,87.574,0,0,3.40323,3.40105
SASDV85,2,pca,30,87.574,0,0,3.40323,3.40105
SASDV85,3,atual,3,65.514,0,0,3.40946,3.40105
SASDV85,3,atual,4,65.514,0,0,3.40946,3.40105
SASDV85,3,atual,10,65.514,0,0,3.40946,3.40105
SASDV85,3,atual,30,0.226,1,0,3.39948,3.40105
SASDV85,3,pca,4,0.15,1,0,3.40171,3.40105
SASDV85,3,pca,10,0.15,1,0,3.40171,3.40105
SASDV85,3,pca,30,0.226,1,0,3.39948,3.40105
SASDV85,4,atual,3,72.939,0,0,3.407,3.40105
SASDV85,4,atual,4,87.574,0,0,3.40194,3.40105
SASDV85,4,atual,10,0.185,1,0,3.40051,3.40105
SASDV85,4,atual,30,0.271,1,0,3.39986,3.40105
SASDV85,4,pca,4,0.146,1,0,3.40039,3.40105
SASDV85,4,pca,10,0.146,1,0,3.40039,3.40105
SASDV85,4,pca,30,0.271,1,0,3.39986,3.40105
SASDV85,5,atual,3,72.939,0,0,3.40749,3.40105
SASDV85,5,atual,4,72.939,0,0,3.40749,3.40105
SASDV85,5,atual,10,72.939,0,0,3.40748,3.40105
SASDV85,5,atual,30,0.196,1,0,3.40173,3.40105
SASDV85,5,pca,4,0.223,1,0,3.40203,3.40105
SASDV85,5,pca,10,0.223,1,0,3.40203,3.40105
SASDV85,5,pca,30,0.223,1,0,3.40203,3.40105
SASDV95,0,atual,3,0.234,1,0,3.40065,3.40105
SASDV95,0,atual,4,0.234,1,0,3.40065,3.40105
SASDV95,0,atual,10,0.234,1,0,3.40065,3.40105
SASDV95,0,atual,30,0.234,1,0,3.40065,3.40105
SASDV95,0,pca,4,0.184,1,0,3.39944,3.40105
SASDV95,0,pca,10,0.184,1,0,3.39944,3.40105
SASDV95,0,pca,30,0.184,1,0,3.39944,3.40105
SASDV95,1,atual,3,65.514,0,0,3.40949,3.40105
SASDV95,1,atual,4,0.102,1,0,3.40132,3.40105
SASDV95,1,atual,10,0.102,1,0,3.40132,3.40105
SASDV95,1,atual,30,0.102,1,0,3.40132,3.40105
SASDV95,1,pca,4,0.057,1,0,3.40132,3.40105
SASDV95,1,pca,10,0.102,1,0,3.40132,3.40105
SASDV95,1,pca,30,0.102,1,0,3.40132,3.40105
SASDV95,2,atual,3,87.574,0,0,3.40286,3.40105
SASDV95,2,atual,4,87.574,0,0,3.40286,3.40105
SASDV95,2,atual,10,87.574,0,0,3.40286,3.40105
SASDV95,2,atual,30,87.574,0,0,3.40286,3.40105
SASDV95,2,pca,4,87.574,0,0,3.4042,3.40105
SASDV95,2,pca,10,87.574,0,0,3.40323,3.40105
SASDV95,2,pca,30,87.574,0,0,3.40323,3.40105
SASDV95,3,atual,3,65.514,0,0,3.40946,3.40105
SASDV95,3,atual,4,65.514,0,0,3.40946,3.40105
SASDV95,3,atual,10,65.514,0,0,3.40946,3.40105
SASDV95,3,atual,30,0.226,1,0,3.39948,3.40105
SASDV95,3,pca,4,0.15,1,0,3.40171,3.40105
SASDV95,3,pca,10,0.15,1,0,3.40171,3.40105
SASDV95,3,pca,30,0.226,1,0,3.39948,3.40105
SASDV95,4,atual,3,72.939,0,0,3.407,3.40105
SASDV95,4,atual,4,87.574,0,0,3.40194,3.40105
SASDV95,4,atual,10,0.185,1,0,3.40051,3.40105
SASDV95,4,atual,30,0.271,1,0,3.39986,3.40105
SASDV95,4,pca,4,0.146,1,0,3.40039,3.40105
SASDV95,4,pca,10,0.146,1,0,3.40039,3.40105
SASDV95,4,pca,30,0.271,1,0,3.39986,3.40105
SASDV95,5,atual,3,72.939,0,0,3.40749,3.40105
SASDV95,5,atual,4,72.939,0,0,3.40749,3.40105
SASDV95,5,atual,10,72.939,0,0,3.40748,3.40105
SASDV95,5,atual,30,0.196,1,0,3.40173,3.40105
SASDV95,5,pca,4,0.223,1,0,3.40203,3.40105
SASDV95,5,pca,10,0.223,1,0,3.40203,3.40105
SASDV95,5,pca,30,0.223,1,0,3.40203,3.40105
SASDVF8,0,atual,3,76.917,0,1,7.22475,3.43543
SASDVF8,0,atual,4,67.134,0,1,5.6849,3.43543
SASDVF8,0,atual,10,83.745,0,0,4.007,3.43543
SASDVF8,0,atual,30,0.156,1,0,3.43549,3.43543
SASDVF8,0,pca,4,0.154,1,0,3.4355,3.43543
SASDVF8,0,pca,10,0.154,1,0,3.4355,3.43543
SASDVF8,0,pca,30,0.156,1,0,3.43549,3.43543
SASDVF8,1,atual,3,91.573,0,1,6.49799,3.43543
SASDVF8,1,atual,4,91.573,0,1,6.49799,3.43543
SASDVF8,1,atual,10,0.147,1,0,3.43558,3.43543
SASDVF8,1,atual,30,0.147,1,0,3.43558,3.43543
SASDVF8,1,pca,4,0.145,1,0,3.43552,3.43543
SASDVF8,1,pca,10,0.145,1,0,3.43552,3.43543
SASDVF8,1,pca,30,0.147,1,0,3.43558,3.43543
SASDVF8,2,atual,3,83.791,0,0,3.55802,3.43543
SASDVF8,2,atual,4,83.791,0,0,3.55802,3.43543
SASDVF8,2,atual,10,83.791,0,0,3.55802,3.43543
SASDVF8,2,atual,30,0.275,1,0,3.43784,3.43543
SASDVF8,2,pca,4,0.268,1,0,3.43699,3.43543
SASDVF8,2,pca,10,0.268,1,0,3.43699,3.43543
SASDVF8,2,pca,30,0.268,1,0,3.43699,3.43543
SASDVF8,3,atual,3,83.793,0,0,3.57536,3.43543
SASDVF8,3,atual,4,83.793,0,0,3.57536,3.43543
SASDVF8,3,atual,10,83.792,0,0,3.55734,3.43543
SASDVF8,3,atual,30,0.158,1,0,3.43529,3.43543
SASDVF8,3,pca,4,0.15,1,0,3.43536,3.43543
SASDVF8,3,pca,10,0.15,1,0,3.43536,3.43543
SASDVF8,3,pca,30,0.158,1,0,3.43529,3.43543
SASDVF8,4,atual,3,66.723,0,0,5.63502,3.43543
SASDVF8,4,atual,4,66.723,0,0,5.63502,3.43543
SASDVF8,4,atual,10,0.123,1,0,3.43493,3.43543
SASDVF8,4,atual,30,0.123,1,0,3.43493,3.43543
SASDVF8,4,pca,4,0.122,1,0,3.43472,3.43543
SASDVF8,4,pca,10,0.122,1,0,3.43472,3.43543
SASDVF8,4,pca,30,0.123,1,0,3.43493,3.43543
SASDVF8,5,atual,3,45.975,0,1,6.23107,3.43543
SASDVF8,5,atual,4,47.301,0,1,6.15547,3.43543
SASDVF8,5,atual,10,66.716,0,0,5.61299,3.43543
SASDVF8,5,atual,30,83.791,0,0,3.55974,3.43543
SASDVF8,5,pca,4,0.123,1,0,3.43522,3.43543
SASDVF8,5,pca,10,0.123,1,0,3.43522,3.43543
SASDVF8,5,pca,30,0.123,1,0,3.43522,3.43543
SASDVF9,0,atual,3,71.32,0,0,11.53695,3.4687
SASDVF9,0,atual,4,0.219,1,0,3.46644,3.4687
SASDVF9,0,atual,10,0.219,1,0,3.46644,3.4687
SASDVF9,0,atual,30,0.219,1,0,3.46644,3.4687
SASDVF9,0,pca,4,0.058,1,0,3.46841,3.4687
SASDVF9,0,pca,10,0.219,1,0,3.46644,3.4687
SASDVF9,0,pca,30,0.219,1,0,3.46644,3.4687
SASDVF9,1,atual,3,0.161,1,0,3.46649,3.4687
SASDVF9,1,atual,4,0.161,1,0,3.46649,3.4687
SASDVF9,1,atual,10,0.161,1,0,3.46649,3.4687
SASDVF9,1,atual,30,0.165,1,0,3.46647,3.4687
SASDVF9,1,pca,4,0.057,1,0,3.46789,3.4687
SASDVF9,1,pca,10,0.189,1,0,3.46649,3.4687
SASDVF9,1,pca,30,0.165,1,0,3.46647,3.4687
SASDVF9,2,atual,3,103.248,0,0,8.83919,3.4687
SASDVF9,2,atual,4,30.633,0,1,8.15466,3.4687
SASDVF9,2,atual,10,0.048,1,0,3.46829,3.4687
SASDVF9,2,atual,30,0.205,1,0,3.46691,3.4687
SASDVF9,2,pca,4,0.048,1,0,3.46819,3.4687
SASDVF9,2,pca,10,0.048,1,0,3.46819,3.4687
SASDVF9,2,pca,30,0.205,1,0,3.46691,3.4687
SASDVF9,3,atual,3,98.708,0,1,7.51103,3.4687
SASDVF9,3,atual,4,98.708,0,1,7.51103,3.4687
SASDVF9,3,atual,10,98.706,0,1,7.50953,3.4687
SASDVF9,3,atual,30,0.227,1,0,3.46661,3.4687
SASDVF9,3,pca,4,0.068,1,0,3.468,3.4687
SASDVF9,3,pca,10,0.068,1,0,3.468,3.4687
SASDVF9,3,pca,30,0.227,1,0,3.46661,3.4687
SASDVF9,4,atual,3,98.734,0,1,7.51809,3.4687
SASDVF9,4,atual,4,30.104,0,1,8.1043,3.4687
SASDVF9,4,atual,10,0.114,1,0,3.46734,3.4687
SASDVF9,4,atual,30,0.209,1,0,3.46644,3.4687
SASDVF9,4,pca,4,0.071,1,0,3.46823,3.4687
SASDVF9,4,pca,10,0.071,1,0,3.46823,3.4687
SASDVF9,4,pca,30,0.209,1,0,3.46644,3.4687
SASDVF9,5,atual,3,30.667,0,1,8.15751,3.4687
SASDVF9,5,atual,4,30.674,0,1,8.16115,3.4687
SASDVF9,5,atual,10,30.666,0,1,8.15967,3.4687
SASDVF9,5,atual,30,0.182,1,0,3.46651,3.4687
SASDVF9,5,pca,4,0.058,1,0,3.4683,3.4687
SASDVF9,5,pca,10,0.058,1,0,3.4683,3.4687
SASDVF9,5,pca,30,0.189,1,0,3.46712,3.4687
SASDVG6,0,atual,3,0.305,1,0,3.38784,3.39129
SASDVG6,0,atual,4,0.305,1,0,3.38784,3.39129
SASDVG6,0,atual,10,0.305,1,0,3.38784,3.39129
SASDVG6,0,atual,30,0.305,1,0,3.38784,3.39129
SASDVG6,0,pca,4,0.31,1,0,3.38859,3.39129
SASDVG6,0,pca,10,0.31,1,0,3.38859,3.39129
SASDVG6,0,pca,30,0.31,1,0,3.38859,3.39129
SASDVG6,1,atual,3,71.278,0,0,3.39734,3.39129
SASDVG6,1,atual,4,71.278,0,0,3.39734,3.39129
SASDVG6,1,atual,10,71.278,0,0,3.39734,3.39129
SASDVG6,1,atual,30,0.195,1,0,3.38864,3.39129
SASDVG6,1,pca,4,0.135,1,0,3.38988,3.39129
SASDVG6,1,pca,10,0.135,1,0,3.38988,3.39129
SASDVG6,1,pca,30,0.195,1,0,3.38864,3.39129
SASDVG6,2,atual,3,63.872,0,0,3.3906,3.39129
SASDVG6,2,atual,4,63.872,0,0,3.3906,3.39129
SASDVG6,2,atual,10,63.872,0,0,3.3906,3.39129
SASDVG6,2,atual,30,0.119,1,0,3.38976,3.39129
SASDVG6,2,pca,4,0.185,1,0,3.38931,3.39129
SASDVG6,2,pca,10,0.185,1,0,3.38931,3.39129
SASDVG6,2,pca,30,0.185,1,0,3.38931,3.39129
SASDVG6,3,atual,3,0.443,1,0,3.38896,3.39129
SASDVG6,3,atual,4,0.443,1,0,3.38896,3.39129
SASDVG6,3,atual,10,0.443,1,0,3.38896,3.39129
SASDVG6,3,atual,30,63.822,0,0,3.39275,3.39129
SASDVG6,3,pca,4,71.328,0,0,3.39572,3.39129
SASDVG6,3,pca,10,0.443,1,0,3.38896,3.39129
SASDVG6,3,pca,30,63.822,0,0,3.39275,3.39129
SASDVG6,4,atual,3,49.099,0,1,3.98167,3.39129
SASDVG6,4,atual,4,58.278,0,1,3.99601,3.39129
SASDVG6,4,atual,10,0.38,1,0,3.38861,3.39129
SASDVG6,4,atual,30,0.38,1,0,3.38861,3.39129
SASDVG6,4,pca,4,0.231,1,0,3.38984,3.39129
SASDVG6,4,pca,10,0.231,1,0,3.38984,3.39129
SASDVG6,4,pca,30,0.38,1,0,3.38861,3.39129
SASDVG6,5,atual,3,63.669,0,0,3.39977,3.39129
SASDVG6,5,atual,4,63.669,0,0,3.39976,3.39129
SASDVG6,5,atual,10,63.872,0,0,3.39173,3.39129
SASDVG6,5,atual,30,63.872,0,0,3.39173,3.39129
SASDVG6,5,pca,4,0.093,1,0,3.39144,3.39129
SASDVG6,5,pca,10,0.093,1,0,3.39144,3.39129
SASDVG6,5,pca,30,63.872,0,0,3.39173,3.39129
SASDVG8,0,atual,3,76.917,0,1,7.22475,3.43543
SASDVG8,0,atual,4,67.134,0,1,5.6849,3.43543
SASDVG8,0,atual,10,83.745,0,0,4.007,3.43543
SASDVG8,0,atual,30,0.156,1,0,3.43549,3.43543
SASDVG8,0,pca,4,0.154,1,0,3.4355,3.43543
SASDVG8,0,pca,10,0.154,1,0,3.4355,3.43543
SASDVG8,0,pca,30,0.156,1,0,3.43549,3.43543
SASDVG8,1,atual,3,91.573,0,1,6.49799,3.43543
SASDVG8,1,atual,4,91.573,0,1,6.49799,3.43543
SASDVG8,1,atual,10,0.147,1,0,3.43558,3.43543
SASDVG8,1,atual,30,0.147,1,0,3.43558,3.43543
SASDVG8,1,pca,4,0.145,1,0,3.43552,3.43543
SASDVG8,1,pca,10,0.145,1,0,3.43552,3.43543
SASDVG8,1,pca,30,0.147,1,0,3.43558,3.43543
SASDVG8,2,atual,3,83.791,0,0,3.55802,3.43543
SASDVG8,2,atual,4,83.791,0,0,3.55802,3.43543
SASDVG8,2,atual,10,83.791,0,0,3.55802,3.43543
SASDVG8,2,atual,30,0.275,1,0,3.43784,3.43543
SASDVG8,2,pca,4,0.268,1,0,3.43699,3.43543
SASDVG8,2,pca,10,0.268,1,0,3.43699,3.43543
SASDVG8,2,pca,30,0.268,1,0,3.43699,3.43543
SASDVG8,3,atual,3,83.793,0,0,3.57536,3.43543
SASDVG8,3,atual,4,83.793,0,0,3.57536,3.43543
SASDVG8,3,atual,10,83.792,0,0,3.55734,3.43543
SASDVG8,3,atual,30,0.158,1,0,3.43529,3.43543
SASDVG8,3,pca,4,0.15,1,0,3.43536,3.43543
SASDVG8,3,pca,10,0.15,1,0,3.43536,3.43543
SASDVG8,3,pca,30,0.158,1,0,3.43529,3.43543
SASDVG8,4,atual,3,66.723,0,0,5.63502,3.43543
SASDVG8,4,atual,4,66.723,0,0,5.63502,3.43543
SASDVG8,4,atual,10,0.123,1,0,3.43493,3.43543
SASDVG8,4,atual,30,0.123,1,0,3.43493,3.43543
SASDVG8,4,pca,4,0.122,1,0,3.43472,3.43543
SASDVG8,4,pca,10,0.122,1,0,3.43472,3.43543
SASDVG8,4,pca,30,0.123,1,0,3.43493,3.43543
SASDVG8,5,atual,3,45.975,0,1,6.23107,3.43543
SASDVG8,5,atual,4,47.301,0,1,6.15547,3.43543
SASDVG8,5,atual,10,66.716,0,0,5.61299,3.43543
SASDVG8,5,atual,30,83.791,0,0,3.55974,3.43543
SASDVG8,5,pca,4,0.123,1,0,3.43522,3.43543
SASDVG8,5,pca,10,0.123,1,0,3.43522,3.43543
SASDVG8,5,pca,30,0.123,1,0,3.43522,3.43543
SASDVH8,0,atual,3,76.917,0,1,7.22475,3.43543
SASDVH8,0,atual,4,67.134,0,1,5.6849,3.43543
SASDVH8,0,atual,10,83.745,0,0,4.007,3.43543
SASDVH8,0,atual,30,0.156,1,0,3.43549,3.43543
SASDVH8,0,pca,4,0.154,1,0,3.4355,3.43543
SASDVH8,0,pca,10,0.154,1,0,3.4355,3.43543
SASDVH8,0,pca,30,0.156,1,0,3.43549,3.43543
SASDVH8,1,atual,3,91.573,0,1,6.49799,3.43543
SASDVH8,1,atual,4,91.573,0,1,6.49799,3.43543
SASDVH8,1,atual,10,0.147,1,0,3.43558,3.43543
SASDVH8,1,atual,30,0.147,1,0,3.43558,3.43543
SASDVH8,1,pca,4,0.145,1,0,3.43552,3.43543
SASDVH8,1,pca,10,0.145,1,0,3.43552,3.43543
SASDVH8,1,pca,30,0.147,1,0,3.43558,3.43543
SASDVH8,2,atual,3,83.791,0,0,3.55802,3.43543
SASDVH8,2,atual,4,83.791,0,0,3.55802,3.43543
SASDVH8,2,atual,10,83.791,0,0,3.55802,3.43543
SASDVH8,2,atual,30,0.275,1,0,3.43784,3.43543
SASDVH8,2,pca,4,0.268,1,0,3.43699,3.43543
SASDVH8,2,pca,10,0.268,1,0,3.43699,3.43543
SASDVH8,2,pca,30,0.268,1,0,3.43699,3.43543
SASDVH8,3,atual,3,83.793,0,0,3.57536,3.43543
SASDVH8,3,atual,4,83.793,0,0,3.57536,3.43543
SASDVH8,3,atual,10,83.792,0,0,3.55734,3.43543
SASDVH8,3,atual,30,0.158,1,0,3.43529,3.43543
SASDVH8,3,pca,4,0.15,1,0,3.43536,3.43543
SASDVH8,3,pca,10,0.15,1,0,3.43536,3.43543
SASDVH8,3,pca,30,0.158,1,0,3.43529,3.43543
SASDVH8,4,atual,3,66.723,0,0,5.63502,3.43543
SASDVH8,4,atual,4,66.723,0,0,5.63502,3.43543
SASDVH8,4,atual,10,0.123,1,0,3.43493,3.43543
SASDVH8,4,atual,30,0.123,1,0,3.43493,3.43543
SASDVH8,4,pca,4,0.122,1,0,3.43472,3.43543
SASDVH8,4,pca,10,0.122,1,0,3.43472,3.43543
SASDVH8,4,pca,30,0.123,1,0,3.43493,3.43543
SASDVH8,5,atual,3,45.975,0,1,6.23107,3.43543
SASDVH8,5,atual,4,47.301,0,1,6.15547,3.43543
SASDVH8,5,atual,10,66.716,0,0,5.61299,3.43543
SASDVH8,5,atual,30,83.791,0,0,3.55974,3.43543
SASDVH8,5,pca,4,0.123,1,0,3.43522,3.43543
SASDVH8,5,pca,10,0.123,1,0,3.43522,3.43543
SASDVH8,5,pca,30,0.123,1,0,3.43522,3.43543
SASDVJ8,0,atual,3,2.037,1,0,3.57098,3.4492
SASDVJ8,0,atual,4,2.037,1,0,3.57098,3.4492
SASDVJ8,0,atual,10,2.037,1,0,3.57098,3.4492
SASDVJ8,0,atual,30,0.078,1,0,3.4486,3.4492
SASDVJ8,0,pca,4,0.062,1,0,3.4487,3.4492
SASDVJ8,0,pca,10,0.062,1,0,3.4487,3.4492
SASDVJ8,0,pca,30,0.078,1,0,3.4486,3.4492
SASDVJ8,1,atual,3,0.066,1,0,3.4487,3.4492
SASDVJ8,1,atual,4,0.066,1,0,3.4487,3.4492
SASDVJ8,1,atual,10,0.066,1,0,3.4487,3.4492
SASDVJ8,1,atual,30,0.057,1,0,3.44862,3.4492
SASDVJ8,1,pca,4,0.062,1,0,3.4487,3.4492
SASDVJ8,1,pca,10,0.066,1,0,3.4487,3.4492
SASDVJ8,1,pca,30,0.057,1,0,3.44862,3.4492
SASDVJ8,2,atual,3,38.865,0,0,5.35146,3.4492
SASDVJ8,2,atual,4,41.905,0,0,5.11794,3.4492
SASDVJ8,2,atual,10,0.065,1,0,3.44869,3.4492
SASDVJ8,2,atual,30,0.062,1,0,3.44862,3.4492
SASDVJ8,2,pca,4,0.062,1,0,3.4487,3.4492
SASDVJ8,2,pca,10,0.062,1,0,3.4487,3.4492
SASDVJ8,2,pca,30,0.062,1,0,3.44862,3.4492
SASDVJ8,3,atual,3,37.835,0,1,6.43834,3.4492
SASDVJ8,3,atual,4,37.835,0,1,6.43834,3.4492
SASDVJ8,3,atual,10,0.067,1,0,3.4486,3.4492
SASDVJ8,3,atual,30,0.094,1,0,3.4485,3.4492
SASDVJ8,3,pca,4,0.062,1,0,3.4487,3.4492
SASDVJ8,3,pca,10,0.06,1,0,3.44866,3.4492
SASDVJ8,3,pca,30,0.094,1,0,3.4485,3.4492
SASDVJ8,4,atual,3,54.211,0,1,6.73478,3.4492
SASDVJ8,4,atual,4,34.36,0,1,5.34013,3.4492
SASDVJ8,4,atual,10,22.993,0,1,4.41733,3.4492
SASDVJ8,4,atual,30,0.074,1,0,3.44859,3.4492
SASDVJ8,4,pca,4,0.062,1,0,3.4487,3.4492
SASDVJ8,4,pca,10,0.062,1,0,3.4487,3.4492
SASDVJ8,4,pca,30,0.074,1,0,3.44859,3.4492
SASDVJ8,5,atual,3,22.991,0,1,4.41253,3.4492
SASDVJ8,5,atual,4,22.991,0,1,4.41253,3.4492
SASDVJ8,5,atual,10,0.069,1,0,3.44865,3.4492
SASDVJ8,5,atual,30,0.058,1,0,3.44862,3.4492
SASDVJ8,5,pca,4,0.062,1,0,3.4487,3.4492
SASDVJ8,5,pca,10,0.062,1,0,3.4487,3.4492
SASDVJ8,5,pca,30,0.058,1,0,3.44862,3.4492
SASDVK8,0,atual,3,2.037,1,0,3.57098,3.4492
SASDVK8,0,atual,4,2.037,1,0,3.57098,3.4492
SASDVK8,0,atual,10,2.037,1,0,3.57098,3.4492
SASDVK8,0,atual,30,0.078,1,0,3.4486,3.4492
SASDVK8,0,pca,4,0.062,1,0,3.4487,3.4492
SASDVK8,0,pca,10,0.062,1,0,3.4487,3.4492
SASDVK8,0,pca,30,0.078,1,0,3.4486,3.4492
SASDVK8,1,atual,3,0.066,1,0,3.4487,3.4492
SASDVK8,1,atual,4,0.066,1,0,3.4487,3.4492
SASDVK8,1,atual,10,0.066,1,0,3.4487,3.4492
SASDVK8,1,atual,30,0.057,1,0,3.44862,3.4492
SASDVK8,1,pca,4,0.062,1,0,3.4487,3.4492
SASDVK8,1,pca,10,0.066,1,0,3.4487,3.4492
SASDVK8,1,pca,30,0.057,1,0,3.44862,3.4492
SASDVK8,2,atual,3,38.865,0,0,5.35146,3.4492
SASDVK8,2,atual,4,41.905,0,0,5.11794,3.4492
SASDVK8,2,atual,10,0.065,1,0,3.44869,3.4492
SASDVK8,2,atual,30,0.062,1,0,3.44862,3.4492
SASDVK8,2,pca,4,0.062,1,0,3.4487,3.4492
SASDVK8,2,pca,10,0.062,1,0,3.4487,3.4492
SASDVK8,2,pca,30,0.062,1,0,3.44862,3.4492
SASDVK8,3,atual,3,37.835,0,1,6.43834,3.4492
SASDVK8,3,atual,4,37.835,0,1,6.43834,3.4492
SASDVK8,3,atual,10,0.067,1,0,3.4486,3.4492
SASDVK8,3,atual,30,0.094,1,0,3.4485,3.4492
SASDVK8,3,pca,4,0.062,1,0,3.4487,3.4492
SASDVK8,3,pca,10,0.06,1,0,3.44866,3.4492
SASDVK8,3,pca,30,0.094,1,0,3.4485,3.4492
SASDVK8,4,atual,3,54.211,0,1,6.73478,3.4492
SASDVK8,4,atual,4,34.36,0,1,5.34013,3.4492
SASDVK8,4,atual,10,22.993,0,1,4.41733,3.4492
SASDVK8,4,atual,30,0.074,1,0,3.44859,3.4492
SASDVK8,4,pca,4,0.062,1,0,3.4487,3.4492
SASDVK8,4,pca,10,0.062,1,0,3.4487,3.4492
SASDVK8,4,pca,30,0.074,1,0,3.44859,3.4492
SASDVK8,5,atual,3,22.991,0,1,4.41253,3.4492
SASDVK8,5,atual,4,22.991,0,1,4.41253,3.4492
SASDVK8,5,atual,10,0.069,1,0,3.44865,3.4492
SASDVK8,5,atual,30,0.058,1,0,3.44862,3.4492
SASDVK8,5,pca,4,0.062,1,0,3.4487,3.4492
SASDVK8,5,pca,10,0.062,1,0,3.4487,3.4492
SASDVK8,5,pca,30,0.058,1,0,3.44862,3.4492
SASDVQ6,0,atual,3,0.068,1,0,3.50809,3.5086
SASDVQ6,0,atual,4,0.068,1,0,3.50809,3.5086
SASDVQ6,0,atual,10,0.068,1,0,3.50809,3.5086
SASDVQ6,0,atual,30,0.109,1,0,3.50802,3.5086
SASDVQ6,0,pca,4,0.154,1,0,3.50784,3.5086
SASDVQ6,0,pca,10,0.154,1,0,3.50784,3.5086
SASDVQ6,0,pca,30,0.154,1,0,3.50784,3.5086
SASDVQ6,1,atual,3,0.073,1,0,3.50806,3.5086
SASDVQ6,1,atual,4,0.073,1,0,3.50806,3.5086
SASDVQ6,1,atual,10,0.073,1,0,3.50806,3.5086
SASDVQ6,1,atual,30,0.073,1,0,3.50806,3.5086
SASDVQ6,1,pca,4,0.154,1,0,3.50784,3.5086
SASDVQ6,1,pca,10,0.154,1,0,3.50784,3.5086
SASDVQ6,1,pca,30,0.154,1,0,3.50784,3.5086
SASDVQ6,2,atual,3,32.466,0,1,7.80212,3.5086
SASDVQ6,2,atual,4,32.466,0,1,7.80212,3.5086
SASDVQ6,2,atual,10,0.073,1,0,3.50808,3.5086
SASDVQ6,2,atual,30,0.068,1,0,3.50806,3.5086
SASDVQ6,2,pca,4,0.154,1,0,3.50784,3.5086
SASDVQ6,2,pca,10,0.154,1,0,3.50784,3.5086
SASDVQ6,2,pca,30,0.154,1,0,3.50784,3.5086
SASDVQ6,3,atual,3,40.535,0,1,7.96314,3.5086
SASDVQ6,3,atual,4,32.804,0,1,7.82114,3.5086
SASDVQ6,3,atual,10,0.069,1,0,3.50806,3.5086
SASDVQ6,3,atual,30,0.101,1,0,3.50799,3.5086
SASDVQ6,3,pca,4,0.154,1,0,3.50784,3.5086
SASDVQ6,3,pca,10,0.154,1,0,3.50784,3.5086
SASDVQ6,3,pca,30,0.154,1,0,3.50784,3.5086
SASDVQ6,4,atual,3,92.67,0,0,7.87643,3.5086
SASDVQ6,4,atual,4,86.699,0,1,7.84628,3.5086
SASDVQ6,4,atual,10,0.068,1,0,3.50806,3.5086
SASDVQ6,4,atual,30,0.126,1,0,3.50786,3.5086
SASDVQ6,4,pca,4,0.154,1,0,3.50784,3.5086
SASDVQ6,4,pca,10,0.154,1,0,3.50784,3.5086
SASDVQ6,4,pca,30,0.154,1,0,3.50784,3.5086
SASDVQ6,5,atual,3,32.787,0,1,7.81455,3.5086
SASDVQ6,5,atual,4,32.371,0,1,7.74884,3.5086
SASDVQ6,5,atual,10,0.068,1,0,3.50806,3.5086
SASDVQ6,5,atual,30,0.107,1,0,3.50792,3.5086
SASDVQ6,5,pca,4,0.154,1,0,3.50784,3.5086
SASDVQ6,5,pca,10,0.154,1,0,3.50784,3.5086
SASDVQ6,5,pca,30,0.154,1,0,3.50784,3.5086
SASDVR6,0,atual,3,0.201,1,0,3.51424,3.51769
SASDVR6,0,atual,4,0.201,1,0,3.51424,3.51769
SASDVR6,0,atual,10,0.201,1,0,3.51424,3.51769
SASDVR6,0,atual,30,0.233,1,0,3.51397,3.51769
SASDVR6,0,pca,4,0.241,1,0,3.51524,3.51769
SASDVR6,0,pca,10,0.201,1,0,3.51424,3.51769
SASDVR6,0,pca,30,0.233,1,0,3.51397,3.51769
SASDVR6,1,atual,3,0.225,1,0,3.51447,3.51769
SASDVR6,1,atual,4,0.225,1,0,3.51447,3.51769
SASDVR6,1,atual,10,0.225,1,0,3.51447,3.51769
SASDVR6,1,atual,30,0.255,1,0,3.51388,3.51769
SASDVR6,1,pca,4,0.241,1,0,3.51524,3.51769
SASDVR6,1,pca,10,0.253,1,0,3.5147,3.51769
SASDVR6,1,pca,30,0.255,1,0,3.51388,3.51769
SASDVR6,2,atual,3,0.208,1,0,3.51429,3.51769
SASDVR6,2,atual,4,0.208,1,0,3.51429,3.51769
SASDVR6,2,atual,10,0.202,1,0,3.51426,3.51769
SASDVR6,2,atual,30,0.202,1,0,3.51426,3.51769
SASDVR6,2,pca,4,0.241,1,0,3.51524,3.51769
SASDVR6,2,pca,10,0.208,1,0,3.51429,3.51769
SASDVR6,2,pca,30,0.202,1,0,3.51426,3.51769
SASDVR6,3,atual,3,43.942,0,1,4.41784,3.51769
SASDVR6,3,atual,4,43.904,0,1,4.40929,3.51769
SASDVR6,3,atual,10,0.235,1,0,3.51441,3.51769
SASDVR6,3,atual,30,0.235,1,0,3.51441,3.51769
SASDVR6,3,pca,4,0.241,1,0,3.51524,3.51769
SASDVR6,3,pca,10,0.253,1,0,3.5147,3.51769
SASDVR6,3,pca,30,0.235,1,0,3.51441,3.51769
SASDVR6,4,atual,3,43.906,0,1,4.41006,3.51769
SASDVR6,4,atual,4,43.906,0,1,4.41006,3.51769
SASDVR6,4,atual,10,0.206,1,0,3.51425,3.51769
SASDVR6,4,atual,30,0.206,1,0,3.51418,3.51769
SASDVR6,4,pca,4,0.241,1,0,3.51524,3.51769
SASDVR6,4,pca,10,0.217,1,0,3.51446,3.51769
SASDVR6,4,pca,30,0.206,1,0,3.51418,3.51769
SASDVR6,5,atual,3,0.226,1,0,3.51443,3.51769
SASDVR6,5,atual,4,0.226,1,0,3.51443,3.51769
SASDVR6,5,atual,10,0.202,1,0,3.51417,3.51769
SASDVR6,5,atual,30,0.202,1,0,3.51417,3.51769
SASDVR6,5,pca,4,0.241,1,0,3.51524,3.51769
SASDVR6,5,pca,10,0.226,1,0,3.51443,3.51769
SASDVR6,5,pca,30,0.202,1,0,3.51417,3.51769
SASDVT5,0,atual,3,0.232,1,0,3.57302,3.57493
SASDVT5,0,atual,4,0.232,1,0,3.57302,3.57493
SASDVT5,0,atual,10,0.232,1,0,3.57302,3.57493
SASDVT5,0,atual,30,0.27,1,0,3.57293,3.57493
SASDVT5,0,pca,4,0.265,1,0,3.57291,3.57493
SASDVT5,0,pca,10,0.265,1,0,3.57291,3.57493
SASDVT5,0,pca,30,0.265,1,0,3.57291,3.57493
SASDVT5,1,atual,3,0.284,1,0,3.57246,3.57493
SASDVT5,1,atual,4,0.284,1,0,3.57246,3.57493
SASDVT5,1,atual,10,0.284,1,0,3.57246,3.57493
SASDVT5,1,atual,30,0.284,1,0,3.57246,3.57493
SASDVT5,1,pca,4,0.265,1,0,3.57291,3.57493
SASDVT5,1,pca,10,0.284,1,0,3.57246,3.57493
SASDVT5,1,pca,30,0.284,1,0,3.57246,3.57493
SASDVT5,2,atual,3,17.479,0,1,4.57862,3.57493
SASDVT5,2,atual,4,17.479,0,1,4.57862,3.57493
SASDVT5,2,atual,10,0.262,1,0,3.57254,3.57493
SASDVT5,2,atual,30,0.262,1,0,3.57254,3.57493
SASDVT5,2,pca,4,0.265,1,0,3.57291,3.57493
SASDVT5,2,pca,10,0.265,1,0,3.57291,3.57493
SASDVT5,2,pca,30,0.262,1,0,3.57254,3.57493
SASDVT5,3,atual,3,41.437,0,1,4.97849,3.57493
SASDVT5,3,atual,4,41.606,0,1,5.09261,3.57493
SASDVT5,3,atual,10,0.247,1,0,3.57263,3.57493
SASDVT5,3,atual,30,0.247,1,0,3.57263,3.57493
SASDVT5,3,pca,4,0.265,1,0,3.57291,3.57493
SASDVT5,3,pca,10,0.265,1,0,3.57291,3.57493
SASDVT5,3,pca,30,0.247,1,0,3.57263,3.57493
SASDVT5,4,atual,3,44.966,0,0,5.17755,3.57493
SASDVT5,4,atual,4,44.966,0,0,5.17755,3.57493
SASDVT5,4,atual,10,17.478,0,1,4.57531,3.57493
SASDVT5,4,atual,30,0.26,1,0,3.57257,3.57493
SASDVT5,4,pca,4,0.265,1,0,3.57291,3.57493
SASDVT5,4,pca,10,0.265,1,0,3.57291,3.57493
SASDVT5,4,pca,30,0.26,1,0,3.57257,3.57493
SASDVT5,5,atual,3,17.487,0,1,4.57819,3.57493
SASDVT5,5,atual,4,41.435,0,1,4.97734,3.57493
SASDVT5,5,atual,10,0.233,1,0,3.57292,3.57493
SASDVT5,5,atual,30,0.233,1,0,3.57292,3.57493
SASDVT5,5,pca,4,0.265,1,0,3.57291,3.57493
SASDVT5,5,pca,10,0.265,1,0,3.57291,3.57493
SASDVT5,5,pca,30,0.265,1,0,3.57291,3.57493
SASDWG8,0,atual,3,0.643,1,0,3.41948,3.44068
SASDWG8,0,atual,4,0.643,1,0,3.41948,3.44068
SASDWG8,0,atual,10,0.643,1,0,3.41948,3.44068
SASDWG8,0,atual,30,0.643,1,0,3.41948,3.44068
SASDWG8,0,pca,4,0.427,1,0,3.42316,3.44068
SASDWG8,0,pca,10,0.643,1,0,3.41948,3.44068
SASDWG8,0,pca,30,0.643,1,0,3.41948,3.44068
SASDWG8,1,atual,3,0.416,1,0,3.42386,3.44068
SASDWG8,1,atual,4,0.416,1,0,3.42386,3.44068
SASDWG8,1,atual,10,0.416,1,0,3.42386,3.44068
SASDWG8,1,atual,30,0.6,1,0,3.42133,3.44068
SASDWG8,1,pca,4,0.427,1,0,3.42316,3.44068
SASDWG8,1,pca,10,0.427,1,0,3.42316,3.44068
SASDWG8,1,pca,30,0.6,1,0,3.42133,3.44068
SASDWG8,2,atual,3,28.787,0,0,3.44004,3.44068
SASDWG8,2,atual,4,28.787,0,0,3.44004,3.44068
SASDWG8,2,atual,10,0.416,1,0,3.42386,3.44068
SASDWG8,2,atual,30,0.485,1,0,3.42128,3.44068
SASDWG8,2,pca,4,0.427,1,0,3.42316,3.44068
SASDWG8,2,pca,10,0.427,1,0,3.42316,3.44068
SASDWG8,2,pca,30,0.485,1,0,3.42128,3.44068
SASDWG8,3,atual,3,28.789,0,0,3.43027,3.44068
SASDWG8,3,atual,4,28.789,0,0,3.43027,3.44068
SASDWG8,3,atual,10,0.707,1,0,3.41932,3.44068
SASDWG8,3,atual,30,0.707,1,0,3.41932,3.44068
SASDWG8,3,pca,4,0.427,1,0,3.42316,3.44068
SASDWG8,3,pca,10,0.707,1,0,3.41932,3.44068
SASDWG8,3,pca,30,0.707,1,0,3.41932,3.44068
SASDWG8,4,atual,3,28.787,0,0,3.4402,3.44068
SASDWG8,4,atual,4,28.787,0,0,3.43951,3.44068
SASDWG8,4,atual,10,28.787,0,0,3.43951,3.44068
SASDWG8,4,atual,30,0.561,1,0,3.41982,3.44068
SASDWG8,4,pca,4,0.427,1,0,3.42316,3.44068
SASDWG8,4,pca,10,0.427,1,0,3.42316,3.44068
SASDWG8,4,pca,30,0.561,1,0,3.41982,3.44068
SASDWG8,5,atual,3,28.791,0,0,3.42726,3.44068
SASDWG8,5,atual,4,28.791,0,0,3.42726,3.44068
SASDWG8,5,atual,10,0.416,1,0,3.42386,3.44068
SASDWG8,5,atual,30,0.808,1,0,3.41707,3.44068
SASDWG8,5,pca,4,0.427,1,0,3.42316,3.44068
SASDWG8,5,pca,10,0.427,1,0,3.42316,3.44068
SASDWG8,5,pca,30,0.58,1,0,3.41797,3.44068
SASDWM2,0,atual,3,0.211,1,0,3.66298,3.67078
SASDWM2,0,atual,4,0.211,1,0,3.66298,3.67078
SASDWM2,0,atual,10,0.211,1,0,3.66298,3.67078
SASDWM2,0,atual,30,0.24,1,0,3.66217,3.67078
SASDWM2,0,pca,4,0.353,1,0,3.66107,3.67078
SASDWM2,0,pca,10,0.353,1,0,3.66107,3.67078
SASDWM2,0,pca,30,0.353,1,0,3.66107,3.67078
SASDWM2,1,atual,3,0.294,1,0,3.661,3.67078
SASDWM2,1,atual,4,0.294,1,0,3.661,3.67078
SASDWM2,1,atual,10,0.294,1,0,3.661,3.67078
SASDWM2,1,atual,30,0.488,1,0,3.65927,3.67078
SASDWM2,1,pca,4,0.353,1,0,3.66107,3.67078
SASDWM2,1,pca,10,0.294,1,0,3.661,3.67078
SASDWM2,1,pca,30,0.294,1,0,3.661,3.67078
SASDWM2,2,atual,3,71.503,0,0,10.46367,3.67078
SASDWM2,2,atual,4,71.444,0,0,10.37819,3.67078
SASDWM2,2,atual,10,0.207,1,0,3.66311,3.67078
SASDWM2,2,atual,30,0.324,1,0,3.66149,3.67078
SASDWM2,2,pca,4,0.353,1,0,3.66107,3.67078
SASDWM2,2,pca,10,0.353,1,0,3.66107,3.67078
SASDWM2,2,pca,30,0.353,1,0,3.66107,3.67078
SASDWM2,3,atual,3,64.042,0,1,11.78773,3.67078
SASDWM2,3,atual,4,64.042,0,1,11.78773,3.67078
SASDWM2,3,atual,10,0.217,1,0,3.66292,3.67078
SASDWM2,3,atual,30,0.254,1,0,3.66211,3.67078
SASDWM2,3,pca,4,0.353,1,0,3.66107,3.67078
SASDWM2,3,pca,10,0.353,1,0,3.66107,3.67078
SASDWM2,3,pca,30,0.353,1,0,3.66107,3.67078
SASDWM2,4,atual,3,0.238,1,0,3.66223,3.67078
SASDWM2,4,atual,4,0.238,1,0,3.66223,3.67078
SASDWM2,4,atual,10,0.331,1,0,3.66143,3.67078
SASDWM2,4,atual,30,0.315,1,0,3.66122,3.67078
SASDWM2,4,pca,4,0.353,1,0,3.66107,3.67078
SASDWM2,4,pca,10,0.353,1,0,3.66107,3.67078
SASDWM2,4,pca,30,0.353,1,0,3.66107,3.67078
SASDWM2,5,atual,3,29.456,0,1,10.82914,3.67078
SASDWM2,5,atual,4,71.013,0,0,10.1866,3.67078
SASDWM2,5,atual,10,0.212,1,0,3.66295,3.67078
SASDWM2,5,atual,30,0.328,1,0,3.66103,3.67078
SASDWM2,5,pca,4,0.353,1,0,3.66107,3.67078
SASDWM2,5,pca,10,0.353,1,0,3.66107,3.67078
SASDWM2,5,pca,30,0.353,1,0,3.66107,3.67078
SASDWN5,0,atual,3,18.987,0,1,4.40865,3.45925
SASDWN5,0,atual,4,21.836,0,0,4.66106,3.45925
SASDWN5,0,atual,10,19.395,0,1,4.36318,3.45925
SASDWN5,0,atual,30,0.336,1,0,3.45297,3.45925
SASDWN5,0,pca,4,0.202,1,0,3.4547,3.45925
SASDWN5,0,pca,10,0.202,1,0,3.4547,3.45925
SASDWN5,0,pca,30,0.295,1,0,3.45311,3.45925
SASDWN5,1,atual,3,0.201,1,0,3.4547,3.45925
SASDWN5,1,atual,4,0.201,1,0,3.4547,3.45925
SASDWN5,1,atual,10,0.201,1,0,3.4547,3.45925
SASDWN5,1,atual,30,0.325,1,0,3.45367,3.45925
SASDWN5,1,pca,4,0.202,1,0,3.4547,3.45925
SASDWN5,1,pca,10,0.201,1,0,3.4547,3.45925
SASDWN5,1,pca,30,0.325,1,0,3.45367,3.45925
SASDWN5,2,atual,3,19.602,0,1,4.32476,3.45925
SASDWN5,2,atual,4,19.602,0,1,4.32476,3.45925
SASDWN5,2,atual,10,0.203,1,0,3.4555,3.45925
SASDWN5,2,atual,30,0.387,1,0,3.45255,3.45925
SASDWN5,2,pca,4,0.202,1,0,3.4547,3.45925
SASDWN5,2,pca,10,0.202,1,0,3.4547,3.45925
SASDWN5,2,pca,30,0.387,1,0,3.45255,3.45925
SASDWN5,3,atual,3,18.958,0,1,4.42319,3.45925
SASDWN5,3,atual,4,18.958,0,1,4.42319,3.45925
SASDWN5,3,atual,10,0.298,1,0,3.45402,3.45925
SASDWN5,3,atual,30,0.324,1,0,3.45321,3.45925
SASDWN5,3,pca,4,0.202,1,0,3.4547,3.45925
SASDWN5,3,pca,10,0.227,1,0,3.45457,3.45925
SASDWN5,3,pca,30,0.324,1,0,3.45321,3.45925
SASDWN5,4,atual,3,22.895,0,0,4.76067,3.45925
SASDWN5,4,atual,4,22.895,0,0,4.76067,3.45925
SASDWN5,4,atual,10,19.777,0,1,4.35188,3.45925
SASDWN5,4,atual,30,0.238,1,0,3.45434,3.45925
SASDWN5,4,pca,4,0.202,1,0,3.4547,3.45925
SASDWN5,4,pca,10,0.202,1,0,3.4547,3.45925
SASDWN5,4,pca,30,0.238,1,0,3.45434,3.45925
SASDWN5,5,atual,3,20.08,0,1,4.53655,3.45925
SASDWN5,5,atual,4,20.08,0,1,4.53655,3.45925
SASDWN5,5,atual,10,0.202,1,0,3.45533,3.45925
SASDWN5,5,atual,30,0.203,1,0,3.45436,3.45925
SASDWN5,5,pca,4,0.202,1,0,3.4547,3.45925
SASDWN5,5,pca,10,0.202,1,0,3.4547,3.45925
SASDWN5,5,pca,30,0.203,1,0,3.45436,3.45925
SASDWP5,0,atual,3,18.987,0,1,4.40865,3.45925
SASDWP5,0,atual,4,21.836,0,0,4.66106,3.45925
SASDWP5,0,atual,10,19.395,0,1,4.36318,3.45925
SASDWP5,0,atual,30,0.336,1,0,3.45297,3.45925
SASDWP5,0,pca,4,0.202,1,0,3.4547,3.45925
SASDWP5,0,pca,10,0.202,1,0,3.4547,3.45925
SASDWP5,0,pca,30,0.295,1,0,3.45311,3.45925
SASDWP5,1,atual,3,0.201,1,0,3.4547,3.45925
SASDWP5,1,atual,4,0.201,1,0,3.4547,3.45925
SASDWP5,1,atual,10,0.201,1,0,3.4547,3.45925
SASDWP5,1,atual,30,0.325,1,0,3.45367,3.45925
SASDWP5,1,pca,4,0.202,1,0,3.4547,3.45925
SASDWP5,1,pca,10,0.201,1,0,3.4547,3.45925
SASDWP5,1,pca,30,0.325,1,0,3.45367,3.45925
SASDWP5,2,atual,3,19.602,0,1,4.32476,3.45925
SASDWP5,2,atual,4,19.602,0,1,4.32476,3.45925
SASDWP5,2,atual,10,0.203,1,0,3.4555,3.45925
SASDWP5,2,atual,30,0.387,1,0,3.45255,3.45925
SASDWP5,2,pca,4,0.202,1,0,3.4547,3.45925
SASDWP5,2,pca,10,0.202,1,0,3.4547,3.45925
SASDWP5,2,pca,30,0.387,1,0,3.45255,3.45925
SASDWP5,3,atual,3,18.958,0,1,4.42319,3.45925
SASDWP5,3,atual,4,18.958,0,1,4.42319,3.45925
SASDWP5,3,atual,10,0.298,1,0,3.45402,3.45925
SASDWP5,3,atual,30,0.324,1,0,3.45321,3.45925
SASDWP5,3,pca,4,0.202,1,0,3.4547,3.45925
SASDWP5,3,pca,10,0.227,1,0,3.45457,3.45925
SASDWP5,3,pca,30,0.324,1,0,3.45321,3.45925
SASDWP5,4,atual,3,22.895,0,0,4.76067,3.45925
SASDWP5,4,atual,4,22.895,0,0,4.76067,3.45925
SASDWP5,4,atual,10,19.777,0,1,4.35188,3.45925
SASDWP5,4,atual,30,0.238,1,0,3.45434,3.45925
SASDWP5,4,pca,4,0.202,1,0,3.4547,3.45925
SASDWP5,4,pca,10,0.202,1,0,3.4547,3.45925
SASDWP5,4,pca,30,0.238,1,0,3.45434,3.45925
SASDWP5,5,atual,3,20.08,0,1,4.53655,3.45925
SASDWP5,5,atual,4,20.08,0,1,4.53655,3.45925
SASDWP5,5,atual,10,0.202,1,0,3.45533,3.45925
SASDWP5,5,atual,30,0.203,1,0,3.45436,3.45925
SASDWP5,5,pca,4,0.202,1,0,3.4547,3.45925
SASDWP5,5,pca,10,0.202,1,0,3.4547,3.45925
SASDWP5,5,pca,30,0.203,1,0,3.45436,3.45925
SASDWS6,0,atual,3,0.209,1,0,3.4761,3.47916
SASDWS6,0,atual,4,0.209,1,0,3.4761,3.47916
SASDWS6,0,atual,10,0.209,1,0,3.4761,3.47916
SASDWS6,0,atual,30,0.209,1,0,3.4761,3.47916
SASDWS6,0,pca,4,0.229,1,0,3.47613,3.47916
SASDWS6,0,pca,10,0.209,1,0,3.4761,3.47916
SASDWS6,0,pca,30,0.209,1,0,3.4761,3.47916
SASDWS6,1,atual,3,0.176,1,0,3.47625,3.47916
SASDWS6,1,atual,4,0.176,1,0,3.47625,3.47916
SASDWS6,1,atual,10,0.176,1,0,3.47625,3.47916
SASDWS6,1,atual,30,0.209,1,0,3.47616,3.47916
SASDWS6,1,pca,4,0.229,1,0,3.47613,3.47916
SASDWS6,1,pca,10,0.229,1,0,3.47613,3.47916
SASDWS6,1,pca,30,0.229,1,0,3.47613,3.47916
SASDWS6,2,atual,3,23.774,0,0,4.12616,3.47916
SASDWS6,2,atual,4,23.774,0,0,4.12616,3.47916
SASDWS6,2,atual,10,0.177,1,0,3.47625,3.47916
SASDWS6,2,atual,30,0.177,1,0,3.47625,3.47916
SASDWS6,2,pca,4,0.229,1,0,3.47613,3.47916
SASDWS6,2,pca,10,0.229,1,0,3.47613,3.47916
SASDWS6,2,pca,30,0.229,1,0,3.47613,3.47916
SASDWS6,3,atual,3,23.774,0,0,4.12609,3.47916
SASDWS6,3,atual,4,23.774,0,0,4.12607,3.47916
SASDWS6,3,atual,10,0.175,1,0,3.47627,3.47916
SASDWS6,3,atual,30,0.196,1,0,3.47624,3.47916
SASDWS6,3,pca,4,0.229,1,0,3.47613,3.47916
SASDWS6,3,pca,10,0.229,1,0,3.47613,3.47916
SASDWS6,3,pca,30,0.229,1,0,3.47613,3.47916
SASDWS6,4,atual,3,23.765,0,0,4.12984,3.47916
SASDWS6,4,atual,4,23.766,0,0,4.12755,3.47916
SASDWS6,4,atual,10,23.774,0,0,4.12616,3.47916
SASDWS6,4,atual,30,0.174,1,0,3.47625,3.47916
SASDWS6,4,pca,4,0.229,1,0,3.47613,3.47916
SASDWS6,4,pca,10,0.229,1,0,3.47613,3.47916
SASDWS6,4,pca,30,0.229,1,0,3.47613,3.47916
SASDWS6,5,atual,3,23.757,0,0,4.136,3.47916
SASDWS6,5,atual,4,23.757,0,0,4.136,3.47916
SASDWS6,5,atual,10,0.211,1,0,3.47618,3.47916
SASDWS6,5,atual,30,0.206,1,0,3.47616,3.47916
SASDWS6,5,pca,4,0.229,1,0,3.47613,3.47916
SASDWS6,5,pca,10,0.229,1,0,3.47613,3.47916
SASDWS6,5,pca,30,0.229,1,0,3.47613,3.47916
SASDWT6,0,atual,3,0.288,1,0,3.51468,3.51764
SASDWT6,0,atual,4,0.288,1,0,3.51468,3.51764
SASDWT6,0,atual,10,0.288,1,0,3.51468,3.51764
SASDWT6,0,atual,30,0.309,1,0,3.5135,3.51764
SASDWT6,0,pca,4,0.25,1,0,3.51379,3.51764
SASDWT6,0,pca,10,0.25,1,0,3.51379,3.51764
SASDWT6,0,pca,30,0.309,1,0,3.5135,3.51764
SASDWT6,1,atual,3,0.264,1,0,3.51323,3.51764
SASDWT6,1,atual,4,0.264,1,0,3.51323,3.51764
SASDWT6,1,atual,10,0.264,1,0,3.51323,3.51764
SASDWT6,1,atual,30,0.264,1,0,3.51323,3.51764
SASDWT6,1,pca,4,0.25,1,0,3.51379,3.51764
SASDWT6,1,pca,10,0.264,1,0,3.51323,3.51764
SASDWT6,1,pca,30,0.264,1,0,3.51323,3.51764
SASDWT6,2,atual,3,17.582,0,1,4.20629,3.51764
SASDWT6,2,atual,4,17.57,0,1,4.20292,3.51764
SASDWT6,2,atual,10,0.264,1,0,3.51446,3.51764
SASDWT6,2,atual,30,0.275,1,0,3.5142,3.51764
SASDWT6,2,pca,4,0.25,1,0,3.51379,3.51764
SASDWT6,2,pca,10,0.25,1,0,3.51379,3.51764
SASDWT6,2,pca,30,0.25,1,0,3.51379,3.51764
SASDWT6,3,atual,3,21.871,0,0,4.34186,3.51764
SASDWT6,3,atual,4,21.871,0,0,4.34186,3.51764
SASDWT6,3,atual,10,0.284,1,0,3.51447,3.51764
SASDWT6,3,atual,30,0.27,1,0,3.51427,3.51764
SASDWT6,3,pca,4,0.25,1,0,3.51379,3.51764
SASDWT6,3,pca,10,0.25,1,0,3.51379,3.51764
SASDWT6,3,pca,30,0.25,1,0,3.51379,3.51764
SASDWT6,4,atual,3,21.747,0,0,4.38818,3.51764
SASDWT6,4,atual,4,21.747,0,0,4.38818,3.51764
SASDWT6,4,atual,10,13.18,0,1,3.9359,3.51764
SASDWT6,4,atual,30,0.262,1,0,3.51432,3.51764
SASDWT6,4,pca,4,0.25,1,0,3.51379,3.51764
SASDWT6,4,pca,10,0.25,1,0,3.51379,3.51764
SASDWT6,4,pca,30,0.25,1,0,3.51379,3.51764
SASDWT6,5,atual,3,0.407,1,0,3.51337,3.51764
SASDWT6,5,atual,4,0.407,1,0,3.51337,3.51764
SASDWT6,5,atual,10,0.407,1,0,3.51337,3.51764
SASDWT6,5,atual,30,0.407,1,0,3.51337,3.51764
SASDWT6,5,pca,4,0.25,1,0,3.51379,3.51764
SASDWT6,5,pca,10,0.407,1,0,3.51337,3.51764
SASDWT6,5,pca,30,0.407,1,0,3.51337,3.51764
SASDX24,0,atual,3,30.263,0,0,3.59002,3.42254
SASDX24,0,atual,4,30.263,0,0,3.59002,3.42254
SASDX24,0,atual,10,62.38,0,0,3.42804,3.42254
SASDX24,0,atual,30,62.38,0,0,3.42801,3.42254
SASDX24,0,pca,4,0.098,1,0,3.42207,3.42254
SASDX24,0,pca,10,0.098,1,0,3.42207,3.42254
SASDX24,0,pca,30,0.098,1,0,3.42207,3.42254
SASDX24,1,atual,3,31.086,0,0,3.62859,3.42254
SASDX24,1,atual,4,30.265,0,0,3.59688,3.42254
SASDX24,1,atual,10,30.265,0,0,3.59688,3.42254
SASDX24,1,atual,30,62.38,0,0,3.42796,3.42254
SASDX24,1,pca,4,62.492,0,0,3.59172,3.42254
SASDX24,1,pca,10,62.492,0,0,3.59172,3.42254
SASDX24,1,pca,30,62.38,0,0,3.42796,3.42254
SASDX24,2,atual,3,62.256,0,0,4.10803,3.42254
SASDX24,2,atual,4,62.354,0,0,3.59885,3.42254
SASDX24,2,atual,10,62.354,0,0,3.59885,3.42254
SASDX24,2,atual,30,30.292,0,0,3.58993,3.42254
SASDX24,2,pca,4,0.148,1,0,3.42163,3.42254
SASDX24,2,pca,10,0.148,1,0,3.42163,3.42254
SASDX24,2,pca,30,0.148,1,0,3.42163,3.42254
SASDX24,3,atual,3,70.483,0,1,3.98752,3.42254
SASDX24,3,atual,4,36.297,0,1,3.97417,3.42254
SASDX24,3,atual,10,62.491,0,0,3.58993,3.42254
SASDX24,3,atual,30,0.158,1,0,3.42166,3.42254
SASDX24,3,pca,4,0.259,1,0,3.42459,3.42254
SASDX24,3,pca,10,0.259,1,0,3.42459,3.42254
SASDX24,3,pca,30,0.158,1,0,3.42166,3.42254
SASDX24,4,atual,3,30.217,0,0,3.58964,3.42254
SASDX24,4,atual,4,30.217,0,0,3.58964,3.42254
SASDX24,4,atual,10,0.346,1,0,3.42696,3.42254
SASDX24,4,atual,30,0.167,1,0,3.42164,3.42254
SASDX24,4,pca,4,62.491,0,0,3.59045,3.42254
SASDX24,4,pca,10,62.448,0,0,3.58926,3.42254
SASDX24,4,pca,30,0.167,1,0,3.42164,3.42254
SASDX24,5,atual,3,48.623,0,0,3.58846,3.42254
SASDX24,5,atual,4,48.623,0,0,3.58846,3.42254
SASDX24,5,atual,10,48.623,0,0,3.58846,3.42254
SASDX24,5,atual,30,0.341,1,0,3.42558,3.42254
SASDX24,5,pca,4,62.354,0,0,3.59761,3.42254
SASDX24,5,pca,10,48.623,0,0,3.58846,3.42254
SASDX24,5,pca,30,0.341,1,0,3.42558,3.42254
SASDX64,0,atual,3,0.211,1,0,3.43565,3.43883
SASDX64,0,atual,4,0.211,1,0,3.43565,3.43883
SASDX64,0,atual,10,0.211,1,0,3.43565,3.43883
SASDX64,0,atual,30,0.218,1,0,3.43549,3.43883
SASDX64,0,pca,4,0.156,1,0,3.43584,3.43883
SASDX64,0,pca,10,0.211,1,0,3.43565,3.43883
SASDX64,0,pca,30,0.218,1,0,3.43549,3.43883
SASDX64,1,atual,3,0.16,1,0,3.43595,3.43883
SASDX64,1,atual,4,0.16,1,0,3.43595,3.43883
SASDX64,1,atual,10,0.16,1,0,3.43595,3.43883
SASDX64,1,atual,30,0.205,1,0,3.43559,3.43883
SASDX64,1,pca,4,0.156,1,0,3.43584,3.43883
SASDX64,1,pca,10,0.156,1,0,3.43584,3.43883
SASDX64,1,pca,30,0.205,1,0,3.43559,3.43883
SASDX64,2,atual,3,52.46,0,1,4.19113,3.43883
SASDX64,2,atual,4,18.439,0,1,4.18318,3.43883
SASDX64,2,atual,10,2.078,1,0,3.56886,3.43883
SASDX64,2,atual,30,0.206,1,0,3.43575,3.43883
SASDX64,2,pca,4,0.156,1,0,3.43584,3.43883
SASDX64,2,pca,10,0.156,1,0,3.43584,3.43883
SASDX64,2,pca,30,0.206,1,0,3.43575,3.43883
SASDX64,3,atual,3,26.934,0,0,4.14209,3.43883
SASDX64,3,atual,4,26.934,0,0,4.14209,3.43883
SASDX64,3,atual,10,0.148,1,0,3.43582,3.43883
SASDX64,3,atual,30,0.148,1,0,3.43582,3.43883
SASDX64,3,pca,4,0.156,1,0,3.43584,3.43883
SASDX64,3,pca,10,0.148,1,0,3.43582,3.43883
SASDX64,3,pca,30,0.148,1,0,3.43582,3.43883
SASDX64,4,atual,3,54.876,0,0,3.85614,3.43883
SASDX64,4,atual,4,54.876,0,0,3.85614,3.43883
SASDX64,4,atual,10,54.876,0,0,3.85614,3.43883
SASDX64,4,atual,30,0.199,1,0,3.43566,3.43883
SASDX64,4,pca,4,0.156,1,0,3.43584,3.43883
SASDX64,4,pca,10,0.156,1,0,3.43584,3.43883
SASDX64,4,pca,30,0.163,1,0,3.43581,3.43883
SASDX64,5,atual,3,0.181,1,0,3.43608,3.43883
SASDX64,5,atual,4,0.218,1,0,3.43547,3.43883
SASDX64,5,atual,10,0.218,1,0,3.43547,3.43883
SASDX64,5,atual,30,0.218,1,0,3.43547,3.43883
SASDX64,5,pca,4,0.156,1,0,3.43584,3.43883
SASDX64,5,pca,10,0.218,1,0,3.43547,3.43883
SASDX64,5,pca,30,0.218,1,0,3.43547,3.43883
SASDX74,0,atual,3,17.787,0,1,4.27667,3.45248
SASDX74,0,atual,4,19.376,0,1,4.19373,3.45248
SASDX74,0,atual,10,50.549,0,0,3.45759,3.45248
SASDX74,0,atual,30,0.207,1,0,3.4488,3.45248
SASDX74,0,pca,4,0.198,1,0,3.449,3.45248
SASDX74,0,pca,10,0.198,1,0,3.449,3.45248
SASDX74,0,pca,30,0.207,1,0,3.4488,3.45248
SASDX74,1,atual,3,0.209,1,0,3.44933,3.45248
SASDX74,1,atual,4,0.209,1,0,3.44933,3.45248
SASDX74,1,atual,10,0.209,1,0,3.44933,3.45248
SASDX74,1,atual,30,0.209,1,0,3.44933,3.45248
SASDX74,1,pca,4,0.198,1,0,3.449,3.45248
SASDX74,1,pca,10,0.198,1,0,3.449,3.45248
SASDX74,1,pca,30,0.198,1,0,3.449,3.45248
SASDX74,2,atual,3,50.549,0,0,3.45759,3.45248
SASDX74,2,atual,4,50.549,0,0,3.45759,3.45248
SASDX74,2,atual,10,50.549,0,0,3.45759,3.45248
SASDX74,2,atual,30,0.195,1,0,3.44895,3.45248
SASDX74,2,pca,4,0.198,1,0,3.449,3.45248
SASDX74,2,pca,10,0.198,1,0,3.449,3.45248
SASDX74,2,pca,30,0.195,1,0,3.44895,3.45248
SASDX74,3,atual,3,19.264,0,1,4.1845,3.45248
SASDX74,3,atual,4,51.575,0,1,4.28516,3.45248
SASDX74,3,atual,10,0.199,1,0,3.44903,3.45248
SASDX74,3,atual,30,0.201,1,0,3.449,3.45248
SASDX74,3,pca,4,0.198,1,0,3.449,3.45248
SASDX74,3,pca,10,0.198,1,0,3.449,3.45248
SASDX74,3,pca,30,0.198,1,0,3.449,3.45248
SASDX74,4,atual,3,51.619,0,1,4.2811,3.45248
SASDX74,4,atual,4,51.619,0,1,4.2811,3.45248
SASDX74,4,atual,10,50.549,0,0,3.45671,3.45248
SASDX74,4,atual,30,0.201,1,0,3.44886,3.45248
SASDX74,4,pca,4,0.198,1,0,3.449,3.45248
SASDX74,4,pca,10,0.198,1,0,3.449,3.45248
SASDX74,4,pca,30,0.198,1,0,3.449,3.45248
SASDX74,5,atual,3,0.209,1,0,3.44933,3.45248
SASDX74,5,atual,4,0.209,1,0,3.44933,3.45248
SASDX74,5,atual,10,0.199,1,0,3.44871,3.45248
SASDX74,5,atual,30,0.199,1,0,3.44871,3.45248
SASDX74,5,pca,4,0.198,1,0,3.449,3.45248
SASDX74,5,pca,10,0.198,1,0,3.449,3.45248
SASDX74,5,pca,30,0.199,1,0,3.44871,3.45248
SASDXB2,0,atual,3,18.895,0,1,4.22228,3.45826
SASDXB2,0,atual,4,18.895,0,1,4.22228,3.45826
SASDXB2,0,atual,10,18.083,0,1,4.24816,3.45826
SASDXB2,0,atual,30,0.428,1,0,3.45435,3.45826
SASDXB2,0,pca,4,0.208,1,0,3.45672,3.45826
SASDXB2,0,pca,10,0.208,1,0,3.45672,3.45826
SASDXB2,0,pca,30,0.428,1,0,3.45435,3.45826
SASDXB2,1,atual,3,0.237,1,0,3.45579,3.45826
SASDXB2,1,atual,4,0.237,1,0,3.45579,3.45826
SASDXB2,1,atual,10,0.237,1,0,3.45579,3.45826
SASDXB2,1,atual,30,0.237,1,0,3.45579,3.45826
SASDXB2,1,pca,4,0.208,1,0,3.45672,3.45826
SASDXB2,1,pca,10,0.237,1,0,3.45579,3.45826
SASDXB2,1,pca,30,0.237,1,0,3.45579,3.45826
SASDXB2,2,atual,3,18.947,0,1,4.2257,3.45826
SASDXB2,2,atual,4,18.947,0,1,4.2257,3.45826
SASDXB2,2,atual,10,0.599,1,0,3.45233,3.45826
SASDXB2,2,atual,30,0.599,1,0,3.45233,3.45826
SASDXB2,2,pca,4,0.208,1,0,3.45672,3.45826
SASDXB2,2,pca,10,0.208,1,0,3.45672,3.45826
SASDXB2,2,pca,30,0.599,1,0,3.45233,3.45826
SASDXB2,3,atual,3,18.046,0,1,4.25487,3.45826
SASDXB2,3,atual,4,19.18,0,1,4.24561,3.45826
SASDXB2,3,atual,10,0.374,1,0,3.45573,3.45826
SASDXB2,3,atual,30,0.261,1,0,3.45571,3.45826
SASDXB2,3,pca,4,0.208,1,0,3.45672,3.45826
SASDXB2,3,pca,10,0.78,1,0,3.45587,3.45826
SASDXB2,3,pca,30,0.261,1,0,3.45571,3.45826
SASDXB2,4,atual,3,42.221,0,0,4.55866,3.45826
SASDXB2,4,atual,4,18.375,0,1,4.3814,3.45826
SASDXB2,4,atual,10,0.297,1,0,3.45566,3.45826
SASDXB2,4,atual,30,0.555,1,0,3.45265,3.45826
SASDXB2,4,pca,4,0.208,1,0,3.45672,3.45826
SASDXB2,4,pca,10,0.297,1,0,3.45566,3.45826
SASDXB2,4,pca,30,0.555,1,0,3.45265,3.45826
SASDXB2,5,atual,3,19.199,0,1,4.24975,3.45826
SASDXB2,5,atual,4,19.183,0,1,4.24589,3.45826
SASDXB2,5,atual,10,0.21,1,0,3.45717,3.45826
SASDXB2,5,atual,30,0.265,1,0,3.45585,3.45826
SASDXB2,5,pca,4,0.208,1,0,3.45672,3.45826
SASDXB2,5,pca,10,0.208,1,0,3.45672,3.45826
SASDXB2,5,pca,30,0.217,1,0,3.45669,3.45826
SASDXB7,0,atual,3,0.255,1,0,3.6045,3.60797
SASDXB7,0,atual,4,0.255,1,0,3.6045,3.60797
SASDXB7,0,atual,10,0.255,1,0,3.6045,3.60797
SASDXB7,0,atual,30,0.366,1,0,3.6032,3.60797
SASDXB7,0,pca,4,0.226,1,0,3.60456,3.60797
SASDXB7,0,pca,10,0.226,1,0,3.60456,3.60797
SASDXB7,0,pca,30,0.366,1,0,3.6032,3.60797
SASDXB7,1,atual,3,0.346,1,0,3.60357,3.60797
SASDXB7,1,atual,4,0.346,1,0,3.60357,3.60797
SASDXB7,1,atual,10,0.346,1,0,3.60357,3.60797
SASDXB7,1,atual,30,0.346,1,0,3.60357,3.60797
SASDXB7,1,pca,4,0.226,1,0,3.60456,3.60797
SASDXB7,1,pca,10,0.215,1,0,3.60447,3.60797
SASDXB7,1,pca,30,0.198,1,0,3.60418,3.60797
SASDXB7,2,atual,3,32.387,0,0,7.04414,3.60797
SASDXB7,2,atual,4,26.215,0,1,6.13152,3.60797
SASDXB7,2,atual,10,0.321,1,0,3.60334,3.60797
SASDXB7,2,atual,30,0.321,1,0,3.60334,3.60797
SASDXB7,2,pca,4,0.226,1,0,3.60456,3.60797
SASDXB7,2,pca,10,0.226,1,0,3.60456,3.60797
SASDXB7,2,pca,30,0.321,1,0,3.60334,3.60797
SASDXB7,3,atual,3,26.201,0,1,6.13171,3.60797
SASDXB7,3,atual,4,17.344,0,1,6.21695,3.60797
SASDXB7,3,atual,10,0.221,1,0,3.60356,3.60797
SASDXB7,3,atual,30,0.221,1,0,3.60356,3.60797
SASDXB7,3,pca,4,0.226,1,0,3.60456,3.60797
SASDXB7,3,pca,10,0.221,1,0,3.60356,3.60797
SASDXB7,3,pca,30,0.221,1,0,3.60356,3.60797
SASDXB7,4,atual,3,40.493,0,0,8.2368,3.60797
SASDXB7,4,atual,4,17.344,0,1,6.21694,3.60797
SASDXB7,4,atual,10,17.355,0,1,6.22302,3.60797
SASDXB7,4,atual,30,0.2,1,0,3.60429,3.60797
SASDXB7,4,pca,4,0.226,1,0,3.60456,3.60797
SASDXB7,4,pca,10,0.226,1,0,3.60456,3.60797
SASDXB7,4,pca,30,0.2,1,0,3.60429,3.60797
SASDXB7,5,atual,3,32.385,0,0,7.0452,3.60797
SASDXB7,5,atual,4,32.385,0,0,7.0452,3.60797
SASDXB7,5,atual,10,0.2,1,0,3.60429,3.60797
SASDXB7,5,atual,30,0.196,1,0,3.60421,3.60797
SASDXB7,5,pca,4,0.226,1,0,3.60456,3.60797
SASDXB7,5,pca,10,0.226,1,0,3.60456,3.60797
SASDXB7,5,pca,30,0.196,1,0,3.60421,3.60797
SASDXC7,0,atual,3,48.902,0,1,9.03268,3.537
SASDXC7,0,atual,4,48.902,0,1,9.03268,3.537
SASDXC7,0,atual,10,27.025,0,1,8.47544,3.537
SASDXC7,0,atual,30,0.033,1,0,3.53713,3.537
SASDXC7,0,pca,4,0.034,1,0,3.53724,3.537
SASDXC7,0,pca,10,0.034,1,0,3.53724,3.537
SASDXC7,0,pca,30,0.033,1,0,3.53713,3.537
SASDXC7,1,atual,3,0.035,1,0,3.53723,3.537
SASDXC7,1,atual,4,0.035,1,0,3.53723,3.537
SASDXC7,1,atual,10,0.035,1,0,3.53723,3.537
SASDXC7,1,atual,30,0.035,1,0,3.53723,3.537
SASDXC7,1,pca,4,0.034,1,0,3.53724,3.537
SASDXC7,1,pca,10,0.035,1,0,3.53723,3.537
SASDXC7,1,pca,30,0.035,1,0,3.53723,3.537
SASDXC7,2,atual,3,55.018,0,0,10.33969,3.537
SASDXC7,2,atual,4,55.018,0,0,10.33969,3.537
SASDXC7,2,atual,10,48.946,0,1,9.0431,3.537
SASDXC7,2,atual,30,0.023,1,0,3.53711,3.537
SASDXC7,2,pca,4,0.034,1,0,3.53724,3.537
SASDXC7,2,pca,10,0.034,1,0,3.53724,3.537
SASDXC7,2,pca,30,0.023,1,0,3.53711,3.537
SASDXC7,3,atual,3,48.515,0,1,8.92388,3.537
SASDXC7,3,atual,4,48.515,0,1,8.92388,3.537
SASDXC7,3,atual,10,0.026,1,0,3.53704,3.537
SASDXC7,3,atual,30,0.022,1,0,3.53702,3.537
SASDXC7,3,pca,4,0.034,1,0,3.53724,3.537
SASDXC7,3,pca,10,0.034,1,0,3.53724,3.537
SASDXC7,3,pca,30,0.022,1,0,3.53702,3.537
SASDXC7,4,atual,3,54.494,0,0,10.04699,3.537
SASDXC7,4,atual,4,54.494,0,0,10.04699,3.537
SASDXC7,4,atual,10,48.492,0,1,8.91143,3.537
SASDXC7,4,atual,30,0.029,1,0,3.53697,3.537
SASDXC7,4,pca,4,0.034,1,0,3.53724,3.537
SASDXC7,4,pca,10,0.034,1,0,3.53724,3.537
SASDXC7,4,pca,30,0.029,1,0,3.53697,3.537
SASDXC7,5,atual,3,50.558,0,1,12.1118,3.537
SASDXC7,5,atual,4,45.633,0,1,10.31924,3.537
SASDXC7,5,atual,10,27.036,0,1,8.47566,3.537
SASDXC7,5,atual,30,0.026,1,0,3.53706,3.537
SASDXC7,5,pca,4,0.034,1,0,3.53724,3.537
SASDXC7,5,pca,10,0.034,1,0,3.53724,3.537
SASDXC7,5,pca,30,0.026,1,0,3.53706,3.537
SASDXF5,0,atual,3,0.121,1,0,3.48676,3.48874
SASDXF5,0,atual,4,0.121,1,0,3.48676,3.48874
SASDXF5,0,atual,10,0.121,1,0,3.48676,3.48874
SASDXF5,0,atual,30,0.123,1,0,3.48672,3.48874
SASDXF5,0,pca,4,0.129,1,0,3.48677,3.48874
SASDXF5,0,pca,10,0.121,1,0,3.48676,3.48874
SASDXF5,0,pca,30,0.123,1,0,3.48672,3.48874
SASDXF5,1,atual,3,0.121,1,0,3.4867,3.48874
SASDXF5,1,atual,4,0.121,1,0,3.4867,3.48874
SASDXF5,1,atual,10,0.121,1,0,3.4867,3.48874
SASDXF5,1,atual,30,0.121,1,0,3.4867,3.48874
SASDXF5,1,pca,4,0.129,1,0,3.48677,3.48874
SASDXF5,1,pca,10,0.121,1,0,3.4867,3.48874
SASDXF5,1,pca,30,0.121,1,0,3.4867,3.48874
SASDXF5,2,atual,3,83.994,0,0,6.45472,3.48874
SASDXF5,2,atual,4,0.683,1,0,3.50491,3.48874
SASDXF5,2,atual,10,0.123,1,0,3.48673,3.48874
SASDXF5,2,atual,30,0.12,1,0,3.48666,3.48874
SASDXF5,2,pca,4,0.129,1,0,3.48677,3.48874
SASDXF5,2,pca,10,0.129,1,0,3.48677,3.48874
SASDXF5,2,pca,30,0.12,1,0,3.48666,3.48874
SASDXF5,3,atual,3,22.116,0,1,4.89305,3.48874
SASDXF5,3,atual,4,22.116,0,1,4.89305,3.48874
SASDXF5,3,atual,10,0.12,1,0,3.48675,3.48874
SASDXF5,3,atual,30,0.125,1,0,3.4866,3.48874
SASDXF5,3,pca,4,0.129,1,0,3.48677,3.48874
SASDXF5,3,pca,10,0.129,1,0,3.48677,3.48874
SASDXF5,3,pca,30,0.125,1,0,3.4866,3.48874
SASDXF5,4,atual,3,83.985,0,0,6.45309,3.48874
SASDXF5,4,atual,4,22.339,0,1,4.84759,3.48874
SASDXF5,4,atual,10,0.128,1,0,3.48661,3.48874
SASDXF5,4,atual,30,0.128,1,0,3.48661,3.48874
SASDXF5,4,pca,4,0.129,1,0,3.48677,3.48874
SASDXF5,4,pca,10,0.128,1,0,3.48661,3.48874
SASDXF5,4,pca,30,0.128,1,0,3.48661,3.48874
SASDXF5,5,atual,3,0.129,1,0,3.48677,3.48874
SASDXF5,5,atual,4,0.129,1,0,3.48677,3.48874
SASDXF5,5,atual,10,0.123,1,0,3.48674,3.48874
SASDXF5,5,atual,30,0.121,1,0,3.48674,3.48874
SASDXF5,5,pca,4,0.129,1,0,3.48677,3.48874
SASDXF5,5,pca,10,0.123,1,0,3.48674,3.48874
SASDXF5,5,pca,30,0.121,1,0,3.48674,3.48874
SASDXF6,0,atual,3,0.099,1,0,3.46866,3.46968
SASDXF6,0,atual,4,0.099,1,0,3.46866,3.46968
SASDXF6,0,atual,10,0.099,1,0,3.46866,3.46968
SASDXF6,0,atual,30,0.099,1,0,3.46866,3.46968
SASDXF6,0,pca,4,0.087,1,0,3.46873,3.46968
SASDXF6,0,pca,10,0.084,1,0,3.46873,3.46968
SASDXF6,0,pca,30,0.098,1,0,3.46867,3.46968
SASDXF6,1,atual,3,0.097,1,0,3.46869,3.46968
SASDXF6,1,atual,4,0.097,1,0,3.46869,3.46968
SASDXF6,1,atual,10,0.097,1,0,3.46866,3.46968
SASDXF6,1,atual,30,0.097,1,0,3.46866,3.46968
SASDXF6,1,pca,4,0.087,1,0,3.46873,3.46968
SASDXF6,1,pca,10,0.097,1,0,3.46869,3.46968
SASDXF6,1,pca,30,0.097,1,0,3.46866,3.46968
SASDXF6,2,atual,3,22.748,0,1,5.2628,3.46968
SASDXF6,2,atual,4,22.748,0,1,5.2628,3.46968
SASDXF6,2,atual,10,0.094,1,0,3.46871,3.46968
SASDXF6,2,atual,30,0.099,1,0,3.46867,3.46968
SASDXF6,2,pca,4,0.087,1,0,3.46873,3.46968
SASDXF6,2,pca,10,0.087,1,0,3.46873,3.46968
SASDXF6,2,pca,30,0.099,1,0,3.46867,3.46968
SASDXF6,3,atual,3,71.152,0,0,6.1686,3.46968
SASDXF6,3,atual,4,22.763,0,1,5.25419,3.46968
SASDXF6,3,atual,10,0.099,1,0,3.46867,3.46968
SASDXF6,3,atual,30,0.099,1,0,3.46867,3.46968
SASDXF6,3,pca,4,0.087,1,0,3.46873,3.46968
SASDXF6,3,pca,10,0.099,1,0,3.46869,3.46968
SASDXF6,3,pca,30,0.099,1,0,3.46867,3.46968
SASDXF6,4,atual,3,71.834,0,0,7.65356,3.46968
SASDXF6,4,atual,4,30.377,0,1,7.45706,3.46968
SASDXF6,4,atual,10,22.931,0,1,5.41638,3.46968
SASDXF6,4,atual,30,0.089,1,0,3.46873,3.46968
SASDXF6,4,pca,4,0.087,1,0,3.46873,3.46968
SASDXF6,4,pca,10,0.087,1,0,3.46873,3.46968
SASDXF6,4,pca,30,0.084,1,0,3.46873,3.46968
SASDXF6,5,atual,3,0.086,1,0,3.46873,3.46968
SASDXF6,5,atual,4,0.08,1,0,3.4687,3.46968
SASDXF6,5,atual,10,0.081,1,0,3.4687,3.46968
SASDXF6,5,atual,30,0.081,1,0,3.4687,3.46968
SASDXF6,5,pca,4,0.087,1,0,3.46873,3.46968
SASDXF6,5,pca,10,0.08,1,0,3.4687,3.46968
SASDXF6,5,pca,30,0.081,1,0,3.4687,3.46968
SASDXH4,0,atual,3,5.704,0,0,4.21149,3.4968
SASDXH4,0,atual,4,5.704,0,0,4.21149,3.4968
SASDXH4,0,atual,10,5.704,0,0,4.21149,3.4968
SASDXH4,0,atual,30,0.182,1,0,3.49634,3.4968
SASDXH4,0,pca,4,0.143,1,0,3.49627,3.4968
SASDXH4,0,pca,10,0.143,1,0,3.49627,3.4968
SASDXH4,0,pca,30,0.182,1,0,3.49634,3.4968
SASDXH4,1,atual,3,104.279,0,0,11.75873,3.4968
SASDXH4,1,atual,4,100.833,0,1,10.56133,3.4968
SASDXH4,1,atual,10,0.125,1,0,3.4963,3.4968
SASDXH4,1,atual,30,0.125,1,0,3.49629,3.4968
SASDXH4,1,pca,4,0.147,1,0,3.49617,3.4968
SASDXH4,1,pca,10,0.147,1,0,3.49617,3.4968
SASDXH4,1,pca,30,0.147,1,0,3.49617,3.4968
SASDXH4,2,atual,3,66.058,0,1,8.79146,3.4968
SASDXH4,2,atual,4,66.048,0,1,8.79098,3.4968
SASDXH4,2,atual,10,0.127,1,0,3.49658,3.4968
SASDXH4,2,atual,30,0.127,1,0,3.49658,3.4968
SASDXH4,2,pca,4,0.128,1,0,3.49645,3.4968
SASDXH4,2,pca,10,0.128,1,0,3.49645,3.4968
SASDXH4,2,pca,30,0.128,1,0,3.49645,3.4968
SASDXH4,3,atual,3,0.096,1,0,3.49625,3.4968
SASDXH4,3,atual,4,0.096,1,0,3.49625,3.4968
SASDXH4,3,atual,10,0.096,1,0,3.49625,3.4968
SASDXH4,3,atual,30,0.102,1,0,3.49622,3.4968
SASDXH4,3,pca,4,0.115,1,0,3.49607,3.4968
SASDXH4,3,pca,10,0.115,1,0,3.49607,3.4968
SASDXH4,3,pca,30,0.115,1,0,3.49607,3.4968
SASDXH4,4,atual,3,66.057,0,1,8.78968,3.4968
SASDXH4,4,atual,4,66.05,0,1,8.78931,3.4968
SASDXH4,4,atual,10,0.095,1,0,3.49638,3.4968
SASDXH4,4,atual,30,0.09,1,0,3.49624,3.4968
SASDXH4,4,pca,4,0.147,1,0,3.49609,3.4968
SASDXH4,4,pca,10,0.147,1,0,3.49609,3.4968
SASDXH4,4,pca,30,0.147,1,0,3.49609,3.4968
SASDXH4,5,atual,3,66.065,0,1,8.79081,3.4968
SASDXH4,5,atual,4,66.065,0,1,8.79081,3.4968
SASDXH4,5,atual,10,25.621,0,1,8.60567,3.4968
SASDXH4,5,atual,30,0.087,1,0,3.49621,3.4968
SASDXH4,5,pca,4,0.094,1,0,3.49618,3.4968
SASDXH4,5,pca,10,0.094,1,0,3.49618,3.4968
SASDXH4,5,pca,30,0.094,1,0,3.49618,3.4968
SASDXJ4,0,atual,3,20.409,0,0,4.12748,3.54246
SASDXJ4,0,atual,4,16.804,0,1,3.98674,3.54246
SASDXJ4,0,atual,10,18.075,0,1,3.90655,3.54246
SASDXJ4,0,atual,30,0.471,1,0,3.52015,3.54246
SASDXJ4,0,pca,4,0.465,1,0,3.52017,3.54246
SASDXJ4,0,pca,10,0.465,1,0,3.52017,3.54246
SASDXJ4,0,pca,30,0.471,1,0,3.52015,3.54246
SASDXJ4,1,atual,3,0.47,1,0,3.52013,3.54246
SASDXJ4,1,atual,4,0.47,1,0,3.52013,3.54246
SASDXJ4,1,atual,10,0.47,1,0,3.52013,3.54246
SASDXJ4,1,atual,30,0.47,1,0,3.52013,3.54246
SASDXJ4,1,pca,4,0.465,1,0,3.52017,3.54246
SASDXJ4,1,pca,10,0.47,1,0,3.52013,3.54246
SASDXJ4,1,pca,30,0.47,1,0,3.52013,3.54246
SASDXJ4,2,atual,3,16.577,0,1,4.04549,3.54246
SASDXJ4,2,atual,4,16.577,0,1,4.04549,3.54246
SASDXJ4,2,atual,10,0.471,1,0,3.52019,3.54246
SASDXJ4,2,atual,30,0.44,1,0,3.51985,3.54246
SASDXJ4,2,pca,4,0.465,1,0,3.52017,3.54246
SASDXJ4,2,pca,10,0.465,1,0,3.52017,3.54246
SASDXJ4,2,pca,30,0.44,1,0,3.51985,3.54246
SASDXJ4,3,atual,3,18.077,0,1,3.90716,3.54246
SASDXJ4,3,atual,4,18.077,0,1,3.90716,3.54246
SASDXJ4,3,atual,10,0.44,1,0,3.51985,3.54246
SASDXJ4,3,atual,30,0.44,1,0,3.51985,3.54246
SASDXJ4,3,pca,4,0.465,1,0,3.52017,3.54246
SASDXJ4,3,pca,10,0.44,1,0,3.51985,3.54246
SASDXJ4,3,pca,30,0.44,1,0,3.51985,3.54246
SASDXJ4,4,atual,3,24.755,0,1,4.2395,3.54246
SASDXJ4,4,atual,4,16.68,0,1,4.01145,3.54246
SASDXJ4,4,atual,10,18.076,0,1,3.90766,3.54246
SASDXJ4,4,atual,30,0.483,1,0,3.52009,3.54246
SASDXJ4,4,pca,4,0.465,1,0,3.52017,3.54246
SASDXJ4,4,pca,10,0.465,1,0,3.52017,3.54246
SASDXJ4,4,pca,30,0.483,1,0,3.52009,3.54246
SASDXJ4,5,atual,3,18.091,0,1,3.92842,3.54246
SASDXJ4,5,atual,4,18.091,0,1,3.92842,3.54246
SASDXJ4,5,atual,10,0.483,1,0,3.52009,3.54246
SASDXJ4,5,atual,30,0.483,1,0,3.52009,3.54246
SASDXJ4,5,pca,4,0.465,1,0,3.52017,3.54246
SASDXJ4,5,pca,10,0.465,1,0,3.52017,3.54246
SASDXJ4,5,pca,30,0.483,1,0,3.52009,3.54246
SASDXK4,0,atual,3,92.309,0,1,6.51345,3.48649
SASDXK4,0,atual,4,92.309,0,1,6.51345,3.48649
SASDXK4,0,atual,10,20.36,0,1,6.10076,3.48649
SASDXK4,0,atual,30,0.136,1,0,3.48557,3.48649
SASDXK4,0,pca,4,0.07,1,0,3.48588,3.48649
SASDXK4,0,pca,10,0.07,1,0,3.48588,3.48649
SASDXK4,0,pca,30,0.136,1,0,3.48557,3.48649
SASDXK4,1,atual,3,0.075,1,0,3.48579,3.48649
SASDXK4,1,atual,4,0.075,1,0,3.48579,3.48649
SASDXK4,1,atual,10,0.075,1,0,3.48579,3.48649
SASDXK4,1,atual,30,0.125,1,0,3.48552,3.48649
SASDXK4,1,pca,4,0.07,1,0,3.48588,3.48649
SASDXK4,1,pca,10,0.075,1,0,3.48579,3.48649
SASDXK4,1,pca,30,0.125,1,0,3.48552,3.48649
SASDXK4,2,atual,3,92.356,0,1,6.51677,3.48649
SASDXK4,2,atual,4,92.356,0,1,6.51677,3.48649
SASDXK4,2,atual,10,0.071,1,0,3.48586,3.48649
SASDXK4,2,atual,30,0.073,1,0,3.48577,3.48649
SASDXK4,2,pca,4,0.07,1,0,3.48588,3.48649
SASDXK4,2,pca,10,0.07,1,0,3.48588,3.48649
SASDXK4,2,pca,30,0.073,1,0,3.48577,3.48649
SASDXK4,3,atual,3,20.278,0,1,6.08502,3.48649
SASDXK4,3,atual,4,92.377,0,1,6.51603,3.48649
SASDXK4,3,atual,10,0.08,1,0,3.48566,3.48649
SASDXK4,3,atual,30,0.13,1,0,3.48545,3.48649
SASDXK4,3,pca,4,0.07,1,0,3.48588,3.48649
SASDXK4,3,pca,10,0.08,1,0,3.48566,3.48649
SASDXK4,3,pca,30,0.13,1,0,3.48545,3.48649
SASDXK4,4,atual,3,94.811,0,0,6.94451,3.48649
SASDXK4,4,atual,4,94.811,0,0,6.94451,3.48649
SASDXK4,4,atual,10,92.347,0,1,6.51473,3.48649
SASDXK4,4,atual,30,0.123,1,0,3.48548,3.48649
SASDXK4,4,pca,4,0.07,1,0,3.48588,3.48649
SASDXK4,4,pca,10,0.07,1,0,3.48588,3.48649
SASDXK4,4,pca,30,0.076,1,0,3.48575,3.48649
SASDXK4,5,atual,3,0.07,1,0,3.48588,3.48649
SASDXK4,5,atual,4,0.07,1,0,3.48588,3.48649
SASDXK4,5,atual,10,0.076,1,0,3.48571,3.48649
SASDXK4,5,atual,30,0.076,1,0,3.48571,3.48649
SASDXK4,5,pca,4,0.07,1,0,3.48588,3.48649
SASDXK4,5,pca,10,0.07,1,0,3.48588,3.48649
SASDXK4,5,pca,30,0.076,1,0,3.48571,3.48649
SASDXS4,0,atual,3,34.982,0,0,5.91823,3.38333
SASDXS4,0,atual,4,34.982,0,0,5.91823,3.38333
SASDXS4,0,atual,10,20.407,0,1,4.42066,3.38333
SASDXS4,0,atual,30,0.189,1,0,3.37867,3.38333
SASDXS4,0,pca,4,0.189,1,0,3.3787,3.38333
SASDXS4,0,pca,10,0.189,1,0,3.3787,3.38333
SASDXS4,0,pca,30,0.189,1,0,3.37867,3.38333
SASDXS4,1,atual,3,20.394,0,1,4.42182,3.38333
SASDXS4,1,atual,4,20.454,0,1,4.41772,3.38333
SASDXS4,1,atual,10,20.369,0,1,4.4086,3.38333
SASDXS4,1,atual,30,0.189,1,0,3.37867,3.38333
SASDXS4,1,pca,4,0.189,1,0,3.3787,3.38333
SASDXS4,1,pca,10,0.189,1,0,3.3787,3.38333
SASDXS4,1,pca,30,0.189,1,0,3.3787,3.38333
SASDXS4,2,atual,3,26.799,0,0,4.74259,3.38333
SASDXS4,2,atual,4,26.799,0,0,4.74259,3.38333
SASDXS4,2,atual,10,20.457,0,1,4.41707,3.38333
SASDXS4,2,atual,30,0.19,1,0,3.3787,3.38333
SASDXS4,2,pca,4,0.189,1,0,3.3787,3.38333
SASDXS4,2,pca,10,0.189,1,0,3.3787,3.38333
SASDXS4,2,pca,30,0.19,1,0,3.3787,3.38333
SASDXS4,3,atual,3,21.431,0,1,4.72211,3.38333
SASDXS4,3,atual,4,37.499,0,1,5.68821,3.38333
SASDXS4,3,atual,10,0.189,1,0,3.3787,3.38333
SASDXS4,3,atual,30,0.19,1,0,3.37869,3.38333
SASDXS4,3,pca,4,0.189,1,0,3.3787,3.38333
SASDXS4,3,pca,10,0.189,1,0,3.3787,3.38333
SASDXS4,3,pca,30,0.19,1,0,3.37869,3.38333
SASDXS4,4,atual,3,32.325,0,1,5.95633,3.38333
SASDXS4,4,atual,4,20.457,0,1,4.41731,3.38333
SASDXS4,4,atual,10,19.72,0,1,4.65565,3.38333
SASDXS4,4,atual,30,0.19,1,0,3.37866,3.38333
SASDXS4,4,pca,4,0.189,1,0,3.3787,3.38333
SASDXS4,4,pca,10,0.189,1,0,3.3787,3.38333
SASDXS4,4,pca,30,0.19,1,0,3.37866,3.38333
SASDXS4,5,atual,3,15.014,0,0,4.71427,3.38333
SASDXS4,5,atual,4,19.36,0,1,4.41674,3.38333
SASDXS4,5,atual,10,0.189,1,0,3.3787,3.38333
SASDXS4,5,atual,30,0.189,1,0,3.3787,3.38333
SASDXS4,5,pca,4,0.189,1,0,3.3787,3.38333
SASDXS4,5,pca,10,0.189,1,0,3.3787,3.38333
SASDXS4,5,pca,30,0.189,1,0,3.3787,3.38333
